<?xml version="1.0" encoding="UTF-8"?><ns3:FatturaElettronica versione="FPR12" xmlns:ns2="http://www.w3.org/2000/09/xmldsig#" xmlns:ns3="http://ivaservizi.agenziaentrate.gov.it/docs/xsd/fatture/v1.2">
    <FatturaElettronicaHeader>
        <DatiTrasmissione>
            <IdTrasmittente>
                <IdPaese>IT</IdPaese>
                <IdCodice>01641790702</IdCodice>
            </IdTrasmittente>
            <ProgressivoInvio>01AL5</ProgressivoInvio>
            <FormatoTrasmissione>FPR12</FormatoTrasmissione>
            <CodiceDestinatario>M5UXCR1</CodiceDestinatario>
            <ContattiTrasmittente>
                <Telefono>0874-60561</Telefono>
            </ContattiTrasmittente>
        </DatiTrasmissione>
        <CedentePrestatore>
            <DatiAnagrafici>
                <IdFiscaleIVA>
                    <IdPaese>IT</IdPaese>
                    <IdCodice>01471500924</IdCodice>
                </IdFiscaleIVA>
                <CodiceFiscale>01471500924</CodiceFiscale>
                <Anagrafica>
                    <Denominazione>ELLEDI SRL</Denominazione>
                </Anagrafica>
                <RegimeFiscale>RF01</RegimeFiscale>
            </DatiAnagrafici>
            <Sede>
                <Indirizzo>VIA EDISON, 6 - Z.INDUSTRIALE</Indirizzo>
                <CAP>09047</CAP>
                <Comune>SELARGIUS</Comune>
                <Provincia>CA</Provincia>
                <Nazione>IT</Nazione>
            </Sede>
        </CedentePrestatore>
        <CessionarioCommittente>
            <DatiAnagrafici>
                <IdFiscaleIVA>
                    <IdPaese>IT</IdPaese>
                    <IdCodice>02673640922</IdCodice>
                </IdFiscaleIVA>
                <CodiceFiscale>MMLMRZ78C30B180T</CodiceFiscale>
                <Anagrafica>
                    <Nome>CLAUDIA Pastif.di MA</Nome>
                    <Cognome>NONNA</Cognome>
                </Anagrafica>
            </DatiAnagrafici>
            <Sede>
                <Indirizzo>VIA CARMINE, 20/B</Indirizzo>
                <CAP>09032</CAP>
                <Comune>ASSEMINI</Comune>
                <Provincia>CA</Provincia>
                <Nazione>IT</Nazione>
            </Sede>
        </CessionarioCommittente>
        <TerzoIntermediarioOSoggettoEmittente>
            <DatiAnagrafici>
                <IdFiscaleIVA>
                    <IdPaese>IT</IdPaese>
                    <IdCodice>01641790702</IdCodice>
                </IdFiscaleIVA>
                <CodiceFiscale>01641790702</CodiceFiscale>
                <Anagrafica>
                    <Denominazione>TEAMSYSTEM SERVICE SRL</Denominazione>
                </Anagrafica>
            </DatiAnagrafici>
        </TerzoIntermediarioOSoggettoEmittente>
        <SoggettoEmittente>TZ</SoggettoEmittente>
    </FatturaElettronicaHeader>
    <FatturaElettronicaBody>
        <DatiGenerali>
            <DatiGeneraliDocumento>
                <TipoDocumento>TD01</TipoDocumento>
                <Divisa>EUR</Divisa>
                <Data>2026-02-19</Data>
                <Numero>783/01</Numero>
                <ImportoTotaleDocumento>639.17</ImportoTotaleDocumento>
            </DatiGeneraliDocumento>
            <DatiOrdineAcquisto>
                <IdDocumento>I202601756</IdDocumento>
            </DatiOrdineAcquisto>
            <DatiOrdineAcquisto>
                <IdDocumento>I202601763</IdDocumento>
            </DatiOrdineAcquisto>
            <DatiOrdineAcquisto>
                <IdDocumento>I202601774</IdDocumento>
            </DatiOrdineAcquisto>
            <DatiTrasporto>
                <CausaleTrasporto>C/Vendita</CausaleTrasporto>
                <Descrizione>VISIBILE</Descrizione>
                <PesoNetto>273.00</PesoNetto>
                <DataInizioTrasporto>2026-02-19</DataInizioTrasporto>
            </DatiTrasporto>
        </DatiGenerali>
        <DatiBeniServizi>
            <DettaglioLinee>
                <NumeroLinea>1</NumeroLinea>
                <Descrizione>Ordine Cl. num. 1974/00 del 19/02/2026 Vs. num. I202601756</Descrizione>
                <PrezzoUnitario>0.00000000</PrezzoUnitario>
                <PrezzoTotale>0.00</PrezzoTotale>
                <AliquotaIVA>4.00</AliquotaIVA>
                <AltriDatiGestionali>
                    <TipoDato>AswTRiga</TipoDato>
                    <RiferimentoTesto>Descrittivo #DE#</RiferimentoTesto>
                </AltriDatiGestionali>
            </DettaglioLinee>
            <DettaglioLinee>
                <NumeroLinea>2</NumeroLinea>
                <CodiceArticolo>
                    <CodiceTipo>AswArtFor</CodiceTipo>
                    <CodiceValore>CHC2</CodiceValore>
                </CodiceArticolo>
                <CodiceArticolo>
                    <CodiceTipo>Codice Art. fornitore</CodiceTipo>
                    <CodiceValore>CHC2</CodiceValore>
                </CodiceArticolo>
                <Descrizione>CHIACCHIERE FORNO SFUSE C/ZUCCH. A VELO KG.2 - TORINO BUGIE</Descrizione>
                <Quantita>2.000</Quantita>
                <UnitaMisura>N</UnitaMisura>
                <PrezzoUnitario>17.47000000</PrezzoUnitario>
                <ScontoMaggiorazione>
                    <Tipo>SC</Tipo>
                    <Percentuale>20.00</Percentuale>
                </ScontoMaggiorazione>
                <PrezzoTotale>27.95</PrezzoTotale>
                <AliquotaIVA>10.00</AliquotaIVA>
                <AltriDatiGestionali>
                    <TipoDato>AswTRiga</TipoDato>
                    <RiferimentoTesto>Normale #NO#</RiferimentoTesto>
                </AltriDatiGestionali>
            </DettaglioLinee>
            <DettaglioLinee>
                <NumeroLinea>3</NumeroLinea>
                <CodiceArticolo>
                    <CodiceTipo>AswArtFor</CodiceTipo>
                    <CodiceValore>FRNDLVRD</CodiceValore>
                </CodiceArticolo>
                <CodiceArticolo>
                    <CodiceTipo>Codice Art. fornitore</CodiceTipo>
                    <CodiceValore>FRNDLVRD</CodiceValore>
                </CodiceArticolo>
                <Descrizione>FARINA 00 DELI VERDE W 130  KG.25 - GMI</Descrizione>
                <Quantita>25.000</Quantita>
                <UnitaMisura>KG</UnitaMisura>
                <PrezzoUnitario>0.78300000</PrezzoUnitario>
                <PrezzoTotale>19.58</PrezzoTotale>
                <AliquotaIVA>4.00</AliquotaIVA>
                <AltriDatiGestionali>
                    <TipoDato>AswTRiga</TipoDato>
                    <RiferimentoTesto>Normale #NO#</RiferimentoTesto>
                </AltriDatiGestionali>
            </DettaglioLinee>
            <DettaglioLinee>
                <NumeroLinea>4</NumeroLinea>
                <CodiceArticolo>
                    <CodiceTipo>AswArtFor</CodiceTipo>
                    <CodiceValore>FRNMDN380</CodiceValore>
                </CodiceArticolo>
                <CodiceArticolo>
                    <CodiceTipo>Codice Art. fornitore</CodiceTipo>
                    <CodiceValore>FRNMDN380</CodiceValore>
                </CodiceArticolo>
                <Descrizione>FARINA 00 MADONNINA W380 KG.25 - MOLINO COLOMBO</Descrizione>
                <Quantita>50.000</Quantita>
                <UnitaMisura>KG</UnitaMisura>
                <PrezzoUnitario>1.19000000</PrezzoUnitario>
                <PrezzoTotale>59.50</PrezzoTotale>
                <AliquotaIVA>4.00</AliquotaIVA>
                <AltriDatiGestionali>
                    <TipoDato>AswTRiga</TipoDato>
                    <RiferimentoTesto>Normale #NO#</RiferimentoTesto>
                </AltriDatiGestionali>
            </DettaglioLinee>
            <DettaglioLinee>
                <NumeroLinea>5</NumeroLinea>
                <CodiceArticolo>
                    <CodiceTipo>AswArtFor</CodiceTipo>
                    <CodiceValore>FRNGRN25</CodiceValore>
                </CodiceArticolo>
                <CodiceArticolo>
                    <CodiceTipo>Codice Art. fornitore</CodiceTipo>
                    <CodiceValore>FRNGRN25</CodiceValore>
                </CodiceArticolo>
                <Descrizione>GRANITO 00 DI GRANO TENERO KG.25 - GMI</Descrizione>
                <Quantita>25.000</Quantita>
                <UnitaMisura>KG</UnitaMisura>
                <PrezzoUnitario>1.07000000</PrezzoUnitario>
                <PrezzoTotale>26.75</PrezzoTotale>
                <AliquotaIVA>4.00</AliquotaIVA>
                <AltriDatiGestionali>
                    <TipoDato>AswTRiga</TipoDato>
                    <RiferimentoTesto>Normale #NO#</RiferimentoTesto>
                </AltriDatiGestionali>
            </DettaglioLinee>
            <DettaglioLinee>
                <NumeroLinea>6</NumeroLinea>
                <CodiceArticolo>
                    <CodiceTipo>AswArtFor</CodiceTipo>
                    <CodiceValore>MND7AAC</CodiceValore>
                </CodiceArticolo>
                <CodiceArticolo>
                    <CodiceTipo>Codice Art. fornitore</CodiceTipo>
                    <CodiceValore>MND7AAC</CodiceValore>
                </CodiceArticolo>
                <Descrizione>MANDORLE AFFETTATE PELATE KG.5 - SERFRUIT</Descrizione>
                <Quantita>5.000</Quantita>
                <UnitaMisura>KG</UnitaMisura>
                <PrezzoUnitario>11.48000000</PrezzoUnitario>
                <PrezzoTotale>57.40</PrezzoTotale>
                <AliquotaIVA>4.00</AliquotaIVA>
                <AltriDatiGestionali>
                    <TipoDato>AswTRiga</TipoDato>
                    <RiferimentoTesto>Normale #NO#</RiferimentoTesto>
                </AltriDatiGestionali>
            </DettaglioLinee>
            <DettaglioLinee>
                <NumeroLinea>7</NumeroLinea>
                <CodiceArticolo>
                    <CodiceTipo>AswArtFor</CodiceTipo>
                    <CodiceValore>RTL504</CodiceValore>
                </CodiceArticolo>
                <CodiceArticolo>
                    <CodiceTipo>Codice Art. fornitore</CodiceTipo>
                    <CodiceValore>RTL504</CodiceValore>
                </CodiceArticolo>
                <Descrizione>MAXI ROLLS CONF. 2 X 800 STRAPPI</Descrizione>
                <Quantita>1.000</Quantita>
                <UnitaMisura>N</UnitaMisura>
                <PrezzoUnitario>14.30000000</PrezzoUnitario>
                <PrezzoTotale>14.30</PrezzoTotale>
                <AliquotaIVA>22.00</AliquotaIVA>
                <AltriDatiGestionali>
                    <TipoDato>AswTRiga</TipoDato>
                    <RiferimentoTesto>Normale #NO#</RiferimentoTesto>
                </AltriDatiGestionali>
            </DettaglioLinee>
            <DettaglioLinee>
                <NumeroLinea>8</NumeroLinea>
                <CodiceArticolo>
                    <CodiceTipo>AswArtFor</CodiceTipo>
                    <CodiceValore>PPA912P</CodiceValore>
                </CodiceArticolo>
                <CodiceArticolo>
                    <CodiceTipo>Codice Art. fornitore</CodiceTipo>
                    <CodiceValore>PPA912P</CodiceValore>
                </CodiceArticolo>
                <Descrizione>PASSATA ALBICOCCA "PANAMA" KG.12 - ITALCANDITI</Descrizione>
                <Quantita>12.000</Quantita>
                <UnitaMisura>KG</UnitaMisura>
                <PrezzoUnitario>4.19000000</PrezzoUnitario>
                <PrezzoTotale>50.28</PrezzoTotale>
                <AliquotaIVA>10.00</AliquotaIVA>
                <AltriDatiGestionali>
                    <TipoDato>AswTRiga</TipoDato>
                    <RiferimentoTesto>Normale #NO#</RiferimentoTesto>
                </AltriDatiGestionali>
            </DettaglioLinee>
            <DettaglioLinee>
                <NumeroLinea>9</NumeroLinea>
                <CodiceArticolo>
                    <CodiceTipo>AswArtFor</CodiceTipo>
                    <CodiceValore>VSSRG2</CodiceValore>
                </CodiceArticolo>
                <CodiceArticolo>
                    <CodiceTipo>Codice Art. fornitore</CodiceTipo>
                    <CodiceValore>VSSRG2</CodiceValore>
                </CodiceArticolo>
                <Descrizione>VASSOI GIOLLY N.2S KG.5 - MONTEVERDI</Descrizione>
                <Quantita>5.000</Quantita>
                <UnitaMisura>KG</UnitaMisura>
                <PrezzoUnitario>2.18280000</PrezzoUnitario>
                <PrezzoTotale>10.91</PrezzoTotale>
                <AliquotaIVA>22.00</AliquotaIVA>
                <AltriDatiGestionali>
                    <TipoDato>AswTRiga</TipoDato>
                    <RiferimentoTesto>Normale #NO#</RiferimentoTesto>
                </AltriDatiGestionali>
            </DettaglioLinee>
            <DettaglioLinee>
                <NumeroLinea>10</NumeroLinea>
                <CodiceArticolo>
                    <CodiceTipo>AswArtFor</CodiceTipo>
                    <CodiceValore>VSSRG3LS</CodiceValore>
                </CodiceArticolo>
                <CodiceArticolo>
                    <CodiceTipo>Codice Art. fornitore</CodiceTipo>
                    <CodiceValore>VSSRG3LS</CodiceValore>
                </CodiceArticolo>
                <Descrizione>VASSOI GIOLLY N.3LS KG.10 - MONTEVERDI</Descrizione>
                <Quantita>10.000</Quantita>
                <UnitaMisura>KG</UnitaMisura>
                <PrezzoUnitario>2.18280000</PrezzoUnitario>
                <PrezzoTotale>21.83</PrezzoTotale>
                <AliquotaIVA>22.00</AliquotaIVA>
                <AltriDatiGestionali>
                    <TipoDato>AswTRiga</TipoDato>
                    <RiferimentoTesto>Normale #NO#</RiferimentoTesto>
                </AltriDatiGestionali>
            </DettaglioLinee>
            <DettaglioLinee>
                <NumeroLinea>11</NumeroLinea>
                <CodiceArticolo>
                    <CodiceTipo>AswArtFor</CodiceTipo>
                    <CodiceValore>VSSRG3</CodiceValore>
                </CodiceArticolo>
                <CodiceArticolo>
                    <CodiceTipo>Codice Art. fornitore</CodiceTipo>
                    <CodiceValore>VSSRG3</CodiceValore>
                </CodiceArticolo>
                <Descrizione>VASSOI GIOLLY N.3S KG.5 - MONTEVERDI</Descrizione>
                <Quantita>5.000</Quantita>
                <UnitaMisura>KG</UnitaMisura>
                <PrezzoUnitario>2.18280000</PrezzoUnitario>
                <PrezzoTotale>10.91</PrezzoTotale>
                <AliquotaIVA>22.00</AliquotaIVA>
                <AltriDatiGestionali>
                    <TipoDato>AswTRiga</TipoDato>
                    <RiferimentoTesto>Normale #NO#</RiferimentoTesto>
                </AltriDatiGestionali>
            </DettaglioLinee>
            <DettaglioLinee>
                <NumeroLinea>12</NumeroLinea>
                <CodiceArticolo>
                    <CodiceTipo>AswArtFor</CodiceTipo>
                    <CodiceValore>VSSRG5</CodiceValore>
                </CodiceArticolo>
                <CodiceArticolo>
                    <CodiceTipo>Codice Art. fornitore</CodiceTipo>
                    <CodiceValore>VSSRG5</CodiceValore>
                </CodiceArticolo>
                <Descrizione>VASSOI GIOLLY N.5S KG.10 - MONTEVERDI</Descrizione>
                <Quantita>20.000</Quantita>
                <UnitaMisura>KG</UnitaMisura>
                <PrezzoUnitario>2.18280000</PrezzoUnitario>
                <PrezzoTotale>43.66</PrezzoTotale>
                <AliquotaIVA>22.00</AliquotaIVA>
                <AltriDatiGestionali>
                    <TipoDato>AswTRiga</TipoDato>
                    <RiferimentoTesto>Normale #NO#</RiferimentoTesto>
                </AltriDatiGestionali>
            </DettaglioLinee>
            <DettaglioLinee>
                <NumeroLinea>13</NumeroLinea>
                <CodiceArticolo>
                    <CodiceTipo>AswArtFor</CodiceTipo>
                    <CodiceValore>VSSRG6</CodiceValore>
                </CodiceArticolo>
                <CodiceArticolo>
                    <CodiceTipo>Codice Art. fornitore</CodiceTipo>
                    <CodiceValore>VSSRG6</CodiceValore>
                </CodiceArticolo>
                <Descrizione>VASSOI GIOLLY N.6S KG.10 - MONTEVERDI</Descrizione>
                <Quantita>20.000</Quantita>
                <UnitaMisura>KG</UnitaMisura>
                <PrezzoUnitario>2.18280000</PrezzoUnitario>
                <PrezzoTotale>43.66</PrezzoTotale>
                <AliquotaIVA>22.00</AliquotaIVA>
                <AltriDatiGestionali>
                    <TipoDato>AswTRiga</TipoDato>
                    <RiferimentoTesto>Normale #NO#</RiferimentoTesto>
                </AltriDatiGestionali>
            </DettaglioLinee>
            <DettaglioLinee>
                <NumeroLinea>14</NumeroLinea>
                <CodiceArticolo>
                    <CodiceTipo>AswArtFor</CodiceTipo>
                    <CodiceValore>VSSRG7</CodiceValore>
                </CodiceArticolo>
                <CodiceArticolo>
                    <CodiceTipo>Codice Art. fornitore</CodiceTipo>
                    <CodiceValore>VSSRG7</CodiceValore>
                </CodiceArticolo>
                <Descrizione>VASSOI GIOLLY N.7S KG.10 - MONTEVERDI</Descrizione>
                <Quantita>10.000</Quantita>
                <UnitaMisura>KG</UnitaMisura>
                <PrezzoUnitario>2.18280000</PrezzoUnitario>
                <PrezzoTotale>21.83</PrezzoTotale>
                <AliquotaIVA>22.00</AliquotaIVA>
                <AltriDatiGestionali>
                    <TipoDato>AswTRiga</TipoDato>
                    <RiferimentoTesto>Normale #NO#</RiferimentoTesto>
                </AltriDatiGestionali>
            </DettaglioLinee>
            <DettaglioLinee>
                <NumeroLinea>15</NumeroLinea>
                <CodiceArticolo>
                    <CodiceTipo>AswArtFor</CodiceTipo>
                    <CodiceValore>VSSRG8</CodiceValore>
                </CodiceArticolo>
                <CodiceArticolo>
                    <CodiceTipo>Codice Art. fornitore</CodiceTipo>
                    <CodiceValore>VSSRG8</CodiceValore>
                </CodiceArticolo>
                <Descrizione>VASSOI GIOLLY N.8S KG.10 - MONTEVERDI</Descrizione>
                <Quantita>20.000</Quantita>
                <UnitaMisura>KG</UnitaMisura>
                <PrezzoUnitario>2.18280000</PrezzoUnitario>
                <PrezzoTotale>43.66</PrezzoTotale>
                <AliquotaIVA>22.00</AliquotaIVA>
                <AltriDatiGestionali>
                    <TipoDato>AswTRiga</TipoDato>
                    <RiferimentoTesto>Normale #NO#</RiferimentoTesto>
                </AltriDatiGestionali>
            </DettaglioLinee>
            <DettaglioLinee>
                <NumeroLinea>16</NumeroLinea>
                <CodiceArticolo>
                    <CodiceTipo>AswArtFor</CodiceTipo>
                    <CodiceValore>VSS151P</CodiceValore>
                </CodiceArticolo>
                <CodiceArticolo>
                    <CodiceTipo>Codice Art. fornitore</CodiceTipo>
                    <CodiceValore>VSS151P</CodiceValore>
                </CodiceArticolo>
                <Descrizione>VASSOI POLITENATI ELITE WHITE N.1S KG.5 - MONTEVERDI</Descrizione>
                <Quantita>5.000</Quantita>
                <UnitaMisura>KG</UnitaMisura>
                <PrezzoUnitario>2.35620000</PrezzoUnitario>
                <PrezzoTotale>11.78</PrezzoTotale>
                <AliquotaIVA>22.00</AliquotaIVA>
                <AltriDatiGestionali>
                    <TipoDato>AswTRiga</TipoDato>
                    <RiferimentoTesto>Normale #NO#</RiferimentoTesto>
                </AltriDatiGestionali>
            </DettaglioLinee>
            <DettaglioLinee>
                <NumeroLinea>17</NumeroLinea>
                <CodiceArticolo>
                    <CodiceTipo>AswArtFor</CodiceTipo>
                    <CodiceValore>SCCZAP</CodiceValore>
                </CodiceArticolo>
                <CodiceArticolo>
                    <CodiceTipo>Codice Art. fornitore</CodiceTipo>
                    <CodiceValore>SCCZAP</CodiceValore>
                </CodiceArticolo>
                <Descrizione>ZUCCHERO SEMOLATO IN ASTUCCI DA KG. 1 - PININ PERO</Descrizione>
                <Quantita>50.000</Quantita>
                <UnitaMisura>KG</UnitaMisura>
                <PrezzoUnitario>1.30000000</PrezzoUnitario>
                <PrezzoTotale>65.00</PrezzoTotale>
                <AliquotaIVA>10.00</AliquotaIVA>
                <AltriDatiGestionali>
                    <TipoDato>AswTRiga</TipoDato>
                    <RiferimentoTesto>Normale #NO#</RiferimentoTesto>
                </AltriDatiGestionali>
            </DettaglioLinee>
            <DettaglioLinee>
                <NumeroLinea>18</NumeroLinea>
                <Descrizione>Ordine Cl. num. 1983/00 del 19/02/2026 Vs. num. I202601763</Descrizione>
                <PrezzoUnitario>0.00000000</PrezzoUnitario>
                <PrezzoTotale>0.00</PrezzoTotale>
                <AliquotaIVA>4.00</AliquotaIVA>
                <AltriDatiGestionali>
                    <TipoDato>AswTRiga</TipoDato>
                    <RiferimentoTesto>Descrittivo #DE#</RiferimentoTesto>
                </AltriDatiGestionali>
            </DettaglioLinee>
            <DettaglioLinee>
                <NumeroLinea>19</NumeroLinea>
                <Descrizione>*aggiunta</Descrizione>
                <PrezzoUnitario>0.00000000</PrezzoUnitario>
                <PrezzoTotale>0.00</PrezzoTotale>
                <AliquotaIVA>4.00</AliquotaIVA>
                <AltriDatiGestionali>
                    <TipoDato>AswTRiga</TipoDato>
                    <RiferimentoTesto>Descrittivo #DE#</RiferimentoTesto>
                </AltriDatiGestionali>
            </DettaglioLinee>
            <DettaglioLinee>
                <NumeroLinea>20</NumeroLinea>
                <CodiceArticolo>
                    <CodiceTipo>AswArtFor</CodiceTipo>
                    <CodiceValore>CHC2</CodiceValore>
                </CodiceArticolo>
                <CodiceArticolo>
                    <CodiceTipo>Codice Art. fornitore</CodiceTipo>
                    <CodiceValore>CHC2</CodiceValore>
                </CodiceArticolo>
                <Descrizione>CHIACCHIERE FORNO SFUSE C/ZUCCH. A VELO KG.2 - TORINO BUGIE</Descrizione>
                <Quantita>1.000</Quantita>
                <UnitaMisura>N</UnitaMisura>
                <PrezzoUnitario>17.47000000</PrezzoUnitario>
                <ScontoMaggiorazione>
                    <Tipo>SC</Tipo>
                    <Percentuale>20.00</Percentuale>
                </ScontoMaggiorazione>
                <PrezzoTotale>13.98</PrezzoTotale>
                <AliquotaIVA>10.00</AliquotaIVA>
                <AltriDatiGestionali>
                    <TipoDato>AswTRiga</TipoDato>
                    <RiferimentoTesto>Normale #NO#</RiferimentoTesto>
                </AltriDatiGestionali>
            </DettaglioLinee>
            <DettaglioLinee>
                <NumeroLinea>21</NumeroLinea>
                <Descrizione>Ordine Cl. num. 2001/00 del 19/02/2026 Vs. num. I202601774</Descrizione>
                <PrezzoUnitario>0.00000000</PrezzoUnitario>
                <PrezzoTotale>0.00</PrezzoTotale>
                <AliquotaIVA>4.00</AliquotaIVA>
                <AltriDatiGestionali>
                    <TipoDato>AswTRiga</TipoDato>
                    <RiferimentoTesto>Descrittivo #DE#</RiferimentoTesto>
                </AltriDatiGestionali>
            </DettaglioLinee>
            <DettaglioLinee>
                <NumeroLinea>22</NumeroLinea>
                <Descrizione>*aggiunta</Descrizione>
                <PrezzoUnitario>0.00000000</PrezzoUnitario>
                <PrezzoTotale>0.00</PrezzoTotale>
                <AliquotaIVA>4.00</AliquotaIVA>
                <AltriDatiGestionali>
                    <TipoDato>AswTRiga</TipoDato>
                    <RiferimentoTesto>Descrittivo #DE#</RiferimentoTesto>
                </AltriDatiGestionali>
            </DettaglioLinee>
            <DettaglioLinee>
                <NumeroLinea>23</NumeroLinea>
                <CodiceArticolo>
                    <CodiceTipo>AswArtFor</CodiceTipo>
                    <CodiceValore>PSSCLG5</CodiceValore>
                </CodiceArticolo>
                <CodiceArticolo>
                    <CodiceTipo>Codice Art. fornitore</CodiceTipo>
                    <CodiceValore>PSSCLG5</CodiceValore>
                </CodiceArticolo>
                <Descrizione>PASSATA CILIEGIA FRUTELLA KG.5</Descrizione>
                <Quantita>5.000</Quantita>
                <UnitaMisura>KG</UnitaMisura>
                <PrezzoUnitario>4.54100000</PrezzoUnitario>
                <PrezzoTotale>22.71</PrezzoTotale>
                <AliquotaIVA>10.00</AliquotaIVA>
                <AltriDatiGestionali>
                    <TipoDato>AswTRiga</TipoDato>
                    <RiferimentoTesto>Normale #NO#</RiferimentoTesto>
                </AltriDatiGestionali>
            </DettaglioLinee>
            <DettaglioLinee>
                <NumeroLinea>24</NumeroLinea>
                <Descrizione>******************************************************** Assolve gli obblighi di cui all'art. 62, del decreto legge 24 gennaio 2010,n.1, convertito con modificazioni, dalla legge 24 marzo 2012, n.27. Il presente contratto e da intendersi a spot e si esaurisce con la consegna delle merci.</Descrizione>
                <PrezzoUnitario>0.00000000</PrezzoUnitario>
                <PrezzoTotale>0.00</PrezzoTotale>
                <AliquotaIVA>4.00</AliquotaIVA>
                <AltriDatiGestionali>
                    <TipoDato>AswTRiga</TipoDato>
                    <RiferimentoTesto>Descrittivo #DE#</RiferimentoTesto>
                </AltriDatiGestionali>
            </DettaglioLinee>
            <DettaglioLinee>
                <NumeroLinea>25</NumeroLinea>
                <Descrizione>Riga ausiliaria contenente informazioni tecniche e aggiuntive del documento</Descrizione>
                <PrezzoUnitario>0.00000000</PrezzoUnitario>
                <PrezzoTotale>0.00</PrezzoTotale>
                <AliquotaIVA>4.00</AliquotaIVA>
                <AltriDatiGestionali>
                    <TipoDato>AswRelStd</TipoDato>
                    <RiferimentoTesto>Versione #Asw0106#</RiferimentoTesto>
                </AltriDatiGestionali>
                <AltriDatiGestionali>
                    <TipoDato>AswSwHouse</TipoDato>
                    <RiferimentoTesto>TeamSystem S.p.a. / TS Enterprise</RiferimentoTesto>
                </AltriDatiGestionali>
                <AltriDatiGestionali>
                    <TipoDato>AswDestB2B</TipoDato>
                    <RiferimentoTesto>Recipient #M5UXCR1#</RiferimentoTesto>
                </AltriDatiGestionali>
                <AltriDatiGestionali>
                    <TipoDato>AswTipoDoc</TipoDato>
                    <RiferimentoTesto>Fattura #TPD01#</RiferimentoTesto>
                </AltriDatiGestionali>
                <AltriDatiGestionali>
                    <TipoDato>AswCarDoc</TipoDato>
                    <RiferimentoTesto>Fattura documento di trasporto (accompagnatoria) #CD03#</RiferimentoTesto>
                </AltriDatiGestionali>
                <AltriDatiGestionali>
                    <TipoDato>AswTratSco</TipoDato>
                    <RiferimentoTesto>Percentuali come righe sconto #PRS#</RiferimentoTesto>
                </AltriDatiGestionali>
                <AltriDatiGestionali>
                    <TipoDato>AswTratSco</TipoDato>
                    <RiferimentoTesto>Valori come righe sconto #PRS#</RiferimentoTesto>
                </AltriDatiGestionali>
                <AltriDatiGestionali>
                    <TipoDato>AswTRiga</TipoDato>
                    <RiferimentoTesto>Informazioni documento #ID#</RiferimentoTesto>
                </AltriDatiGestionali>
            </DettaglioLinee>
            <DatiRiepilogo>
                <AliquotaIVA>10.00</AliquotaIVA>
                <ImponibileImporto>179.92</ImponibileImporto>
                <Imposta>17.99</Imposta>
                <EsigibilitaIVA>I</EsigibilitaIVA>
            </DatiRiepilogo>
            <DatiRiepilogo>
                <AliquotaIVA>4.00</AliquotaIVA>
                <ImponibileImporto>163.23</ImponibileImporto>
                <Imposta>6.53</Imposta>
                <EsigibilitaIVA>I</EsigibilitaIVA>
            </DatiRiepilogo>
            <DatiRiepilogo>
                <AliquotaIVA>22.00</AliquotaIVA>
                <ImponibileImporto>222.54</ImponibileImporto>
                <Imposta>48.96</Imposta>
                <EsigibilitaIVA>I</EsigibilitaIVA>
            </DatiRiepilogo>
        </DatiBeniServizi>
        <DatiPagamento>
            <CondizioniPagamento>TP02</CondizioniPagamento>
            <DettaglioPagamento>
                <ModalitaPagamento>MP05</ModalitaPagamento>
                <DataRiferimentoTerminiPagamento>2026-02-19</DataRiferimentoTerminiPagamento>
                <GiorniTerminiPagamento>39</GiorniTerminiPagamento>
                <DataScadenzaPagamento>2026-03-30</DataScadenzaPagamento>
                <ImportoPagamento>639.17</ImportoPagamento>
            </DettaglioPagamento>
        </DatiPagamento>
    </FatturaElettronicaBody>
</ns3:FatturaElettronica>