<?xml version="1.0" encoding="UTF-8"?><ns3:FatturaElettronica versione="FPR12" xmlns:ns2="http://www.w3.org/2000/09/xmldsig#" xmlns:ns3="http://ivaservizi.agenziaentrate.gov.it/docs/xsd/fatture/v1.2">
    <FatturaElettronicaHeader>
        <DatiTrasmissione>
            <IdTrasmittente>
                <IdPaese>IT</IdPaese>
                <IdCodice>01879020517</IdCodice>
            </IdTrasmittente>
            <ProgressivoInvio>04530</ProgressivoInvio>
            <FormatoTrasmissione>FPR12</FormatoTrasmissione>
            <CodiceDestinatario>M5UXCR1</CodiceDestinatario>
            <ContattiTrasmittente>
                <Telefono>05750505</Telefono>
                <Email>info@arubapec.it</Email>
            </ContattiTrasmittente>
        </DatiTrasmissione>
        <CedentePrestatore>
            <DatiAnagrafici>
                <IdFiscaleIVA>
                    <IdPaese>IT</IdPaese>
                    <IdCodice>02873930925</IdCodice>
                </IdFiscaleIVA>
                <CodiceFiscale>CCCSFN80T26B354Y</CodiceFiscale>
                <Anagrafica>
                    <Denominazione>CASEIFICIO COCCO STEFANO FU FRANCESCO</Denominazione>
                </Anagrafica>
                <RegimeFiscale>RF01</RegimeFiscale>
            </DatiAnagrafici>
            <Sede>
                <Indirizzo>VIA PUCCINI 21</Indirizzo>
                <CAP>09048</CAP>
                <Comune>SINNAI</Comune>
                <Provincia>CA</Provincia>
                <Nazione>IT</Nazione>
            </Sede>
            <Contatti>
                <Telefono>0709191268</Telefono>
                <Fax>3406639277</Fax>
                <Email>caseificiococco@tiscali.it</Email>
            </Contatti>
        </CedentePrestatore>
        <CessionarioCommittente>
            <DatiAnagrafici>
                <IdFiscaleIVA>
                    <IdPaese>IT</IdPaese>
                    <IdCodice>02673640922</IdCodice>
                </IdFiscaleIVA>
                <Anagrafica>
                    <Denominazione>PASTIFICIO NONNA CLAUDIA DI MAMELI M.</Denominazione>
                </Anagrafica>
            </DatiAnagrafici>
            <Sede>
                <Indirizzo>VIA CARMINE 20/B</Indirizzo>
                <CAP>09032</CAP>
                <Comune>ASSEMINI</Comune>
                <Provincia>CA</Provincia>
                <Nazione>IT</Nazione>
            </Sede>
        </CessionarioCommittente>
    </FatturaElettronicaHeader>
    <FatturaElettronicaBody>
        <DatiGenerali>
            <DatiGeneraliDocumento>
                <TipoDocumento>TD24</TipoDocumento>
                <Divisa>EUR</Divisa>
                <Data>2026-01-30</Data>
                <Numero>48</Numero>
                <ImportoTotaleDocumento>43.80</ImportoTotaleDocumento>
            </DatiGeneraliDocumento>
            <DatiDDT>
                <NumeroDDT>1694</NumeroDDT>
                <DataDDT>2026-01-28</DataDDT>
            </DatiDDT>
            <DatiTrasporto>
                <CausaleTrasporto>FAT. DIFFERITA Art.21 c.4 /a</CausaleTrasporto>
            </DatiTrasporto>
        </DatiGenerali>
        <DatiBeniServizi>
            <DettaglioLinee>
                <NumeroLinea>1</NumeroLinea>
                <CodiceArticolo>
                    <CodiceTipo>SA</CodiceTipo>
                    <CodiceValore>01</CodiceValore>
                </CodiceArticolo>
                <Descrizione>RICOTTA FRESCA PECORINA</Descrizione>
                <Quantita>10.80</Quantita>
                <UnitaMisura>n</UnitaMisura>
                <PrezzoUnitario>3.90</PrezzoUnitario>
                <PrezzoTotale>42.12</PrezzoTotale>
                <AliquotaIVA>4.00</AliquotaIVA>
            </DettaglioLinee>
            <DatiRiepilogo>
                <AliquotaIVA>4.00</AliquotaIVA>
                <ImponibileImporto>42.12</ImponibileImporto>
                <Imposta>1.68</Imposta>
                <EsigibilitaIVA>I</EsigibilitaIVA>
                <RiferimentoNormativo>ALIQUOTA 4%</RiferimentoNormativo>
            </DatiRiepilogo>
        </DatiBeniServizi>
        <DatiPagamento>
            <CondizioniPagamento>TP02</CondizioniPagamento>
            <DettaglioPagamento>
                <ModalitaPagamento>MP01</ModalitaPagamento>
                <ImportoPagamento>43.80</ImportoPagamento>
            </DettaglioPagamento>
        </DatiPagamento>
    </FatturaElettronicaBody>
</ns3:FatturaElettronica>