<?xml version="1.0" encoding="UTF-8"?><ns3:FatturaElettronica versione="FPR12" xmlns:ns2="http://www.w3.org/2000/09/xmldsig#" xmlns:ns3="http://ivaservizi.agenziaentrate.gov.it/docs/xsd/fatture/v1.2">
    <FatturaElettronicaHeader>
        <DatiTrasmissione>
            <IdTrasmittente>
                <IdPaese>IT</IdPaese>
                <IdCodice>01641790702</IdCodice>
            </IdTrasmittente>
            <ProgressivoInvio>24984</ProgressivoInvio>
            <FormatoTrasmissione>FPR12</FormatoTrasmissione>
            <CodiceDestinatario>M5UXCR1</CodiceDestinatario>
            <ContattiTrasmittente>
                <Telefono>0874-60561</Telefono>
            </ContattiTrasmittente>
        </DatiTrasmissione>
        <CedentePrestatore>
            <DatiAnagrafici>
                <IdFiscaleIVA>
                    <IdPaese>IT</IdPaese>
                    <IdCodice>00567480959</IdCodice>
                </IdFiscaleIVA>
                <CodiceFiscale>00567480959</CodiceFiscale>
                <Anagrafica>
                    <Denominazione>LORU  S.R.L</Denominazione>
                </Anagrafica>
                <RegimeFiscale>RF01</RegimeFiscale>
            </DatiAnagrafici>
            <Sede>
                <Indirizzo>VIA GINEVRA ZONA INDUSTRI</Indirizzo>
                <CAP>09170</CAP>
                <Comune>ORISTANO</Comune>
                <Provincia>OR</Provincia>
                <Nazione>IT</Nazione>
            </Sede>
            <Contatti>
                <Telefono>0783357238</Telefono>
            </Contatti>
        </CedentePrestatore>
        <CessionarioCommittente>
            <DatiAnagrafici>
                <IdFiscaleIVA>
                    <IdPaese>IT</IdPaese>
                    <IdCodice>02673640922</IdCodice>
                </IdFiscaleIVA>
                <CodiceFiscale>MMLMRZ78C30B180T</CodiceFiscale>
                <Anagrafica>
                    <Denominazione>MAMELI MAURIZIO PASTIF.NONNA CLAUDIA</Denominazione>
                </Anagrafica>
            </DatiAnagrafici>
            <Sede>
                <Indirizzo>VIA CARMINE 20/B</Indirizzo>
                <CAP>09032</CAP>
                <Comune>ASSEMINI</Comune>
                <Provincia>CA</Provincia>
                <Nazione>IT</Nazione>
            </Sede>
        </CessionarioCommittente>
        <TerzoIntermediarioOSoggettoEmittente>
            <DatiAnagrafici>
                <IdFiscaleIVA>
                    <IdPaese>IT</IdPaese>
                    <IdCodice>01641790702</IdCodice>
                </IdFiscaleIVA>
                <CodiceFiscale>01641790702</CodiceFiscale>
                <Anagrafica>
                    <Denominazione>TEAMSYSTEM SERVICE SRL</Denominazione>
                </Anagrafica>
            </DatiAnagrafici>
        </TerzoIntermediarioOSoggettoEmittente>
        <SoggettoEmittente>TZ</SoggettoEmittente>
    </FatturaElettronicaHeader>
    <FatturaElettronicaBody>
        <DatiGenerali>
            <DatiGeneraliDocumento>
                <TipoDocumento>TD01</TipoDocumento>
                <Divisa>EUR</Divisa>
                <Data>2026-01-09</Data>
                <Numero>222/P/1</Numero>
                <ImportoTotaleDocumento>341.79</ImportoTotaleDocumento>
                <Causale>FATTURA ACCOMPAGNATORIA</Causale>
            </DatiGeneraliDocumento>
            <DatiTrasporto>
                <DatiAnagraficiVettore>
                    <IdFiscaleIVA>
                        <IdPaese>IT</IdPaese>
                        <IdCodice>00618280952</IdCodice>
                    </IdFiscaleIVA>
                    <CodiceFiscale>00618280952</CodiceFiscale>
                    <Anagrafica>
                        <Denominazione>CHEOPE S.A.S. di FODDIS FABRIZIO</Denominazione>
                    </Anagrafica>
                </DatiAnagraficiVettore>
                <MezzoTrasporto>Mezzo vettore</MezzoTrasporto>
                <CausaleTrasporto>Vendita</CausaleTrasporto>
                <Descrizione>A VISTA</Descrizione>
                <UnitaMisuraPeso>KG</UnitaMisuraPeso>
                <DataInizioTrasporto>2026-01-10</DataInizioTrasporto>
            </DatiTrasporto>
        </DatiGenerali>
        <DatiBeniServizi>
            <DettaglioLinee>
                <NumeroLinea>1</NumeroLinea>
                <CodiceArticolo>
                    <CodiceTipo>CodFornitore</CodiceTipo>
                    <CodiceValore>03/LMIS</CodiceValore>
                </CodiceArticolo>
                <Descrizione>LIEVITO MISTRAL KG.10</Descrizione>
                <Quantita>2.50</Quantita>
                <UnitaMisura>KG</UnitaMisura>
                <PrezzoUnitario>3.3880</PrezzoUnitario>
                <ScontoMaggiorazione>
                    <Tipo>SC</Tipo>
                    <Percentuale>2.00</Percentuale>
                </ScontoMaggiorazione>
                <PrezzoTotale>8.30</PrezzoTotale>
                <AliquotaIVA>10.00</AliquotaIVA>
                <AltriDatiGestionali>
                    <TipoDato>Lotti</TipoDato>
                    <RiferimentoTesto>70310 qta 2,5</RiferimentoTesto>
                </AltriDatiGestionali>
            </DettaglioLinee>
            <DettaglioLinee>
                <NumeroLinea>2</NumeroLinea>
                <CodiceArticolo>
                    <CodiceTipo>CodFornitore</CodiceTipo>
                    <CodiceValore>08/BLIB</CodiceValore>
                </CodiceArticolo>
                <Descrizione>LIEVITO BERTOLINI 1/100</Descrizione>
                <Quantita>2.00</Quantita>
                <UnitaMisura>CF</UnitaMisura>
                <PrezzoUnitario>53.2000</PrezzoUnitario>
                <ScontoMaggiorazione>
                    <Tipo>SC</Tipo>
                    <Percentuale>2.00</Percentuale>
                </ScontoMaggiorazione>
                <PrezzoTotale>104.27</PrezzoTotale>
                <AliquotaIVA>10.00</AliquotaIVA>
                <AltriDatiGestionali>
                    <TipoDato>Lotti</TipoDato>
                    <RiferimentoTesto>418651 qta 2</RiferimentoTesto>
                </AltriDatiGestionali>
            </DettaglioLinee>
            <DettaglioLinee>
                <NumeroLinea>3</NumeroLinea>
                <CodiceArticolo>
                    <CodiceTipo>CodFornitore</CodiceTipo>
                    <CodiceValore>51/MANDP12.5</CodiceValore>
                </CodiceArticolo>
                <Descrizione>MANDORLE DOLCI PELATE 34/36 SPAGNA 12.5kg SF  #.</Descrizione>
                <Quantita>12.50</Quantita>
                <UnitaMisura>KG</UnitaMisura>
                <PrezzoUnitario>12.4000</PrezzoUnitario>
                <ScontoMaggiorazione>
                    <Tipo>SC</Tipo>
                    <Percentuale>2.00</Percentuale>
                </ScontoMaggiorazione>
                <PrezzoTotale>151.90</PrezzoTotale>
                <AliquotaIVA>4.00</AliquotaIVA>
                <AltriDatiGestionali>
                    <TipoDato>Lotti</TipoDato>
                    <RiferimentoTesto>13911 qta 12,5</RiferimentoTesto>
                </AltriDatiGestionali>
            </DettaglioLinee>
            <DettaglioLinee>
                <NumeroLinea>4</NumeroLinea>
                <CodiceArticolo>
                    <CodiceTipo>CodFornitore</CodiceTipo>
                    <CodiceValore>10/VAPOLIT7</CodiceValore>
                </CodiceArticolo>
                <Descrizione>VASSOI POLITENATI JOLLY NR.08=7S</Descrizione>
                <Quantita>20.00</Quantita>
                <UnitaMisura>KG</UnitaMisura>
                <PrezzoUnitario>2.5000</PrezzoUnitario>
                <ScontoMaggiorazione>
                    <Tipo>SC</Tipo>
                    <Percentuale>2.00</Percentuale>
                </ScontoMaggiorazione>
                <PrezzoTotale>49.00</PrezzoTotale>
                <AliquotaIVA>22.00</AliquotaIVA>
            </DettaglioLinee>
            <DettaglioLinee>
                <NumeroLinea>5</NumeroLinea>
                <TipoCessionePrestazione>AC</TipoCessionePrestazione>
                <Descrizione>Spese di Incasso</Descrizione>
                <PrezzoUnitario>0.1600</PrezzoUnitario>
                <PrezzoTotale>0.16</PrezzoTotale>
                <AliquotaIVA>22.00</AliquotaIVA>
            </DettaglioLinee>
            <DatiRiepilogo>
                <AliquotaIVA>10.00</AliquotaIVA>
                <ImponibileImporto>112.57</ImponibileImporto>
                <Imposta>11.26</Imposta>
                <EsigibilitaIVA>I</EsigibilitaIVA>
            </DatiRiepilogo>
            <DatiRiepilogo>
                <AliquotaIVA>4.00</AliquotaIVA>
                <ImponibileImporto>151.90</ImponibileImporto>
                <Imposta>6.08</Imposta>
                <EsigibilitaIVA>I</EsigibilitaIVA>
            </DatiRiepilogo>
            <DatiRiepilogo>
                <AliquotaIVA>22.00</AliquotaIVA>
                <SpeseAccessorie>0.16</SpeseAccessorie>
                <ImponibileImporto>49.16</ImponibileImporto>
                <Imposta>10.82</Imposta>
                <EsigibilitaIVA>I</EsigibilitaIVA>
            </DatiRiepilogo>
        </DatiBeniServizi>
        <DatiPagamento>
            <CondizioniPagamento>TP02</CondizioniPagamento>
            <DettaglioPagamento>
                <ModalitaPagamento>MP05</ModalitaPagamento>
                <DataScadenzaPagamento>2026-01-09</DataScadenzaPagamento>
                <ImportoPagamento>341.79</ImportoPagamento>
            </DettaglioPagamento>
        </DatiPagamento>
    </FatturaElettronicaBody>
</ns3:FatturaElettronica>