<?xml version="1.0" encoding="UTF-8"?><ns3:FatturaElettronica versione="FPR12" xmlns:ns2="http://www.w3.org/2000/09/xmldsig#" xmlns:ns3="http://ivaservizi.agenziaentrate.gov.it/docs/xsd/fatture/v1.2">
    <FatturaElettronicaHeader>
        <DatiTrasmissione>
            <IdTrasmittente>
                <IdPaese>IT</IdPaese>
                <IdCodice>01641790702</IdCodice>
            </IdTrasmittente>
            <ProgressivoInvio>24C88</ProgressivoInvio>
            <FormatoTrasmissione>FPR12</FormatoTrasmissione>
            <CodiceDestinatario>M5UXCR1</CodiceDestinatario>
            <ContattiTrasmittente>
                <Telefono>0874-60561</Telefono>
            </ContattiTrasmittente>
        </DatiTrasmissione>
        <CedentePrestatore>
            <DatiAnagrafici>
                <IdFiscaleIVA>
                    <IdPaese>IT</IdPaese>
                    <IdCodice>00567480959</IdCodice>
                </IdFiscaleIVA>
                <CodiceFiscale>00567480959</CodiceFiscale>
                <Anagrafica>
                    <Denominazione>LORU  S.R.L</Denominazione>
                </Anagrafica>
                <RegimeFiscale>RF01</RegimeFiscale>
            </DatiAnagrafici>
            <Sede>
                <Indirizzo>VIA GINEVRA ZONA INDUSTRI</Indirizzo>
                <CAP>09170</CAP>
                <Comune>ORISTANO</Comune>
                <Provincia>OR</Provincia>
                <Nazione>IT</Nazione>
            </Sede>
            <Contatti>
                <Telefono>0783357238</Telefono>
            </Contatti>
        </CedentePrestatore>
        <CessionarioCommittente>
            <DatiAnagrafici>
                <IdFiscaleIVA>
                    <IdPaese>IT</IdPaese>
                    <IdCodice>02673640922</IdCodice>
                </IdFiscaleIVA>
                <CodiceFiscale>MMLMRZ78C30B180T</CodiceFiscale>
                <Anagrafica>
                    <Denominazione>MAMELI MAURIZIO PASTIF.NONNA CLAUDIA</Denominazione>
                </Anagrafica>
            </DatiAnagrafici>
            <Sede>
                <Indirizzo>VIA CARMINE 20/B</Indirizzo>
                <CAP>09032</CAP>
                <Comune>ASSEMINI</Comune>
                <Provincia>CA</Provincia>
                <Nazione>IT</Nazione>
            </Sede>
        </CessionarioCommittente>
        <TerzoIntermediarioOSoggettoEmittente>
            <DatiAnagrafici>
                <IdFiscaleIVA>
                    <IdPaese>IT</IdPaese>
                    <IdCodice>01641790702</IdCodice>
                </IdFiscaleIVA>
                <CodiceFiscale>01641790702</CodiceFiscale>
                <Anagrafica>
                    <Denominazione>TEAMSYSTEM SERVICE SRL</Denominazione>
                </Anagrafica>
            </DatiAnagrafici>
        </TerzoIntermediarioOSoggettoEmittente>
        <SoggettoEmittente>TZ</SoggettoEmittente>
    </FatturaElettronicaHeader>
    <FatturaElettronicaBody>
        <DatiGenerali>
            <DatiGeneraliDocumento>
                <TipoDocumento>TD01</TipoDocumento>
                <Divisa>EUR</Divisa>
                <Data>2026-01-30</Data>
                <Numero>963/P/1</Numero>
                <ImportoTotaleDocumento>551.20</ImportoTotaleDocumento>
                <Causale>FATTURA ACCOMPAGNATORIA</Causale>
            </DatiGeneraliDocumento>
            <DatiTrasporto>
                <DatiAnagraficiVettore>
                    <IdFiscaleIVA>
                        <IdPaese>IT</IdPaese>
                        <IdCodice>00618280952</IdCodice>
                    </IdFiscaleIVA>
                    <CodiceFiscale>00618280952</CodiceFiscale>
                    <Anagrafica>
                        <Denominazione>CHEOPE S.A.S. di FODDIS FABRIZIO</Denominazione>
                    </Anagrafica>
                </DatiAnagraficiVettore>
                <MezzoTrasporto>Mezzo vettore</MezzoTrasporto>
                <CausaleTrasporto>Vendita</CausaleTrasporto>
                <Descrizione>A VISTA</Descrizione>
                <UnitaMisuraPeso>KG</UnitaMisuraPeso>
                <DataInizioTrasporto>2026-01-31</DataInizioTrasporto>
            </DatiTrasporto>
        </DatiGenerali>
        <DatiBeniServizi>
            <DettaglioLinee>
                <NumeroLinea>1</NumeroLinea>
                <CodiceArticolo>
                    <CodiceTipo>CodFornitore</CodiceTipo>
                    <CodiceValore>EC/SAC140+80*340</CodiceValore>
                </CodiceArticolo>
                <Descrizione>SACCHETTO COEX TRASP. 140+80*340 100.PZ EUROCELL</Descrizione>
                <Quantita>100.00</Quantita>
                <UnitaMisura>PZ</UnitaMisura>
                <PrezzoUnitario>0.1179</PrezzoUnitario>
                <ScontoMaggiorazione>
                    <Tipo>SC</Tipo>
                    <Percentuale>2.00</Percentuale>
                </ScontoMaggiorazione>
                <PrezzoTotale>11.55</PrezzoTotale>
                <AliquotaIVA>22.00</AliquotaIVA>
            </DettaglioLinee>
            <DettaglioLinee>
                <NumeroLinea>2</NumeroLinea>
                <CodiceArticolo>
                    <CodiceTipo>CodFornitore</CodiceTipo>
                    <CodiceValore>05/TREGRSC</CodiceValore>
                </CodiceArticolo>
                <Descrizione>TRE GRAZIE GRANCUC.GRANSCELTA KG.25 pasta fresca</Descrizione>
                <Quantita>50.00</Quantita>
                <UnitaMisura>KG</UnitaMisura>
                <PrezzoUnitario>1.1692</PrezzoUnitario>
                <ScontoMaggiorazione>
                    <Tipo>SC</Tipo>
                    <Percentuale>2.00</Percentuale>
                </ScontoMaggiorazione>
                <PrezzoTotale>57.29</PrezzoTotale>
                <AliquotaIVA>4.00</AliquotaIVA>
                <AltriDatiGestionali>
                    <TipoDato>Lotti</TipoDato>
                    <RiferimentoTesto>CF25316A016 qta 50</RiferimentoTesto>
                </AltriDatiGestionali>
            </DettaglioLinee>
            <DettaglioLinee>
                <NumeroLinea>3</NumeroLinea>
                <CodiceArticolo>
                    <CodiceTipo>CodFornitore</CodiceTipo>
                    <CodiceValore>01/FRIOL25</CodiceValore>
                </CodiceArticolo>
                <Descrizione>OLIO FRIOL S.FRI 25lt CARAPELLI</Descrizione>
                <Quantita>2.00</Quantita>
                <UnitaMisura>BR</UnitaMisura>
                <PrezzoUnitario>75.6000</PrezzoUnitario>
                <ScontoMaggiorazione>
                    <Tipo>SC</Tipo>
                    <Percentuale>2.00</Percentuale>
                </ScontoMaggiorazione>
                <PrezzoTotale>148.18</PrezzoTotale>
                <AliquotaIVA>4.00</AliquotaIVA>
                <AltriDatiGestionali>
                    <TipoDato>Lotti</TipoDato>
                    <RiferimentoTesto>5451T qta 2</RiferimentoTesto>
                </AltriDatiGestionali>
            </DettaglioLinee>
            <DettaglioLinee>
                <NumeroLinea>4</NumeroLinea>
                <CodiceArticolo>
                    <CodiceTipo>CodFornitore</CodiceTipo>
                    <CodiceValore>15/FARINARIP</CodiceValore>
                </CodiceArticolo>
                <Descrizione>FARINA DI RISO KG.25 KERRY-PAC</Descrizione>
                <Quantita>25.00</Quantita>
                <UnitaMisura>KG</UnitaMisura>
                <PrezzoUnitario>2.6800</PrezzoUnitario>
                <ScontoMaggiorazione>
                    <Tipo>SC</Tipo>
                    <Percentuale>2.00</Percentuale>
                </ScontoMaggiorazione>
                <PrezzoTotale>65.66</PrezzoTotale>
                <AliquotaIVA>10.00</AliquotaIVA>
                <AltriDatiGestionali>
                    <TipoDato>Lotti</TipoDato>
                    <RiferimentoTesto>104825 qta 25</RiferimentoTesto>
                </AltriDatiGestionali>
            </DettaglioLinee>
            <DettaglioLinee>
                <NumeroLinea>5</NumeroLinea>
                <CodiceArticolo>
                    <CodiceTipo>CodFornitore</CodiceTipo>
                    <CodiceValore>08/BLIB</CodiceValore>
                </CodiceArticolo>
                <Descrizione>LIEVITO BERTOLINI 1/100</Descrizione>
                <Quantita>2.00</Quantita>
                <UnitaMisura>CF</UnitaMisura>
                <PrezzoUnitario>53.2000</PrezzoUnitario>
                <ScontoMaggiorazione>
                    <Tipo>SC</Tipo>
                    <Percentuale>2.00</Percentuale>
                </ScontoMaggiorazione>
                <PrezzoTotale>104.27</PrezzoTotale>
                <AliquotaIVA>10.00</AliquotaIVA>
                <AltriDatiGestionali>
                    <TipoDato>Lotti</TipoDato>
                    <RiferimentoTesto>418651 qta 2</RiferimentoTesto>
                </AltriDatiGestionali>
            </DettaglioLinee>
            <DettaglioLinee>
                <NumeroLinea>6</NumeroLinea>
                <CodiceArticolo>
                    <CodiceTipo>CodFornitore</CodiceTipo>
                    <CodiceValore>22/014</CodiceValore>
                </CodiceArticolo>
                <Descrizione>SUNNY 800 2 V. CRT.2 RULLI</Descrizione>
                <Quantita>1.00</Quantita>
                <UnitaMisura>SC</UnitaMisura>
                <PrezzoUnitario>27.0900</PrezzoUnitario>
                <ScontoMaggiorazione>
                    <Tipo>SC</Tipo>
                    <Percentuale>2.00</Percentuale>
                </ScontoMaggiorazione>
                <PrezzoTotale>26.55</PrezzoTotale>
                <AliquotaIVA>22.00</AliquotaIVA>
            </DettaglioLinee>
            <DettaglioLinee>
                <NumeroLinea>7</NumeroLinea>
                <CodiceArticolo>
                    <CodiceTipo>CodFornitore</CodiceTipo>
                    <CodiceValore>51/MANAP1</CodiceValore>
                </CodiceArticolo>
                <Descrizione>MANDORLE AMARE PELATE *1kg SF #.</Descrizione>
                <Quantita>1.00</Quantita>
                <UnitaMisura>KG</UnitaMisura>
                <PrezzoUnitario>13.8500</PrezzoUnitario>
                <ScontoMaggiorazione>
                    <Tipo>SC</Tipo>
                    <Percentuale>2.00</Percentuale>
                </ScontoMaggiorazione>
                <PrezzoTotale>13.57</PrezzoTotale>
                <AliquotaIVA>4.00</AliquotaIVA>
                <AltriDatiGestionali>
                    <TipoDato>Lotti</TipoDato>
                    <RiferimentoTesto>212202522 qta 1</RiferimentoTesto>
                </AltriDatiGestionali>
            </DettaglioLinee>
            <DettaglioLinee>
                <NumeroLinea>8</NumeroLinea>
                <CodiceArticolo>
                    <CodiceTipo>CodFornitore</CodiceTipo>
                    <CodiceValore>20/BUBIOC32*6</CodiceValore>
                </CodiceArticolo>
                <Descrizione>BUSTE BIO COMPOST 32*60 PZ.500 stem</Descrizione>
                <Quantita>1.00</Quantita>
                <UnitaMisura>SC</UnitaMisura>
                <PrezzoUnitario>41.3000</PrezzoUnitario>
                <ScontoMaggiorazione>
                    <Tipo>SC</Tipo>
                    <Percentuale>2.00</Percentuale>
                </ScontoMaggiorazione>
                <PrezzoTotale>40.47</PrezzoTotale>
                <AliquotaIVA>22.00</AliquotaIVA>
            </DettaglioLinee>
            <DettaglioLinee>
                <NumeroLinea>9</NumeroLinea>
                <CodiceArticolo>
                    <CodiceTipo>CodFornitore</CodiceTipo>
                    <CodiceValore>PIZZANTICAFOR</CodiceValore>
                </CodiceArticolo>
                <Descrizione>PIZZETTE SFOGLIA MIGNON KG.6 SURG. ANTICA FORNERIA SARD</Descrizione>
                <Quantita>1.00</Quantita>
                <UnitaMisura>CR</UnitaMisura>
                <PrezzoUnitario>37.5000</PrezzoUnitario>
                <ScontoMaggiorazione>
                    <Tipo>SC</Tipo>
                    <Percentuale>2.00</Percentuale>
                </ScontoMaggiorazione>
                <PrezzoTotale>36.75</PrezzoTotale>
                <AliquotaIVA>10.00</AliquotaIVA>
                <AltriDatiGestionali>
                    <TipoDato>Lotti</TipoDato>
                    <RiferimentoTesto>1201 qta 1</RiferimentoTesto>
                </AltriDatiGestionali>
            </DettaglioLinee>
            <DettaglioLinee>
                <NumeroLinea>10</NumeroLinea>
                <TipoCessionePrestazione>AC</TipoCessionePrestazione>
                <Descrizione>Spese di Incasso</Descrizione>
                <PrezzoUnitario>0.1600</PrezzoUnitario>
                <PrezzoTotale>0.16</PrezzoTotale>
                <AliquotaIVA>22.00</AliquotaIVA>
            </DettaglioLinee>
            <DatiRiepilogo>
                <AliquotaIVA>4.00</AliquotaIVA>
                <ImponibileImporto>219.04</ImponibileImporto>
                <Imposta>8.76</Imposta>
                <EsigibilitaIVA>I</EsigibilitaIVA>
            </DatiRiepilogo>
            <DatiRiepilogo>
                <AliquotaIVA>22.00</AliquotaIVA>
                <SpeseAccessorie>0.16</SpeseAccessorie>
                <ImponibileImporto>78.73</ImponibileImporto>
                <Imposta>17.32</Imposta>
                <EsigibilitaIVA>I</EsigibilitaIVA>
            </DatiRiepilogo>
            <DatiRiepilogo>
                <AliquotaIVA>10.00</AliquotaIVA>
                <ImponibileImporto>206.68</ImponibileImporto>
                <Imposta>20.67</Imposta>
                <EsigibilitaIVA>I</EsigibilitaIVA>
            </DatiRiepilogo>
        </DatiBeniServizi>
        <DatiPagamento>
            <CondizioniPagamento>TP02</CondizioniPagamento>
            <DettaglioPagamento>
                <ModalitaPagamento>MP05</ModalitaPagamento>
                <DataScadenzaPagamento>2026-01-30</DataScadenzaPagamento>
                <ImportoPagamento>551.20</ImportoPagamento>
            </DettaglioPagamento>
        </DatiPagamento>
    </FatturaElettronicaBody>
</ns3:FatturaElettronica>