<?xml version="1.0" encoding="UTF-8"?><ns3:FatturaElettronica versione="FPR12" xmlns:ns2="http://www.w3.org/2000/09/xmldsig#" xmlns:ns3="http://ivaservizi.agenziaentrate.gov.it/docs/xsd/fatture/v1.2">
    <FatturaElettronicaHeader>
        <DatiTrasmissione>
            <IdTrasmittente>
                <IdPaese>IT</IdPaese>
                <IdCodice>BRNGNN49S12L093K</IdCodice>
            </IdTrasmittente>
            <ProgressivoInvio>AAAAA</ProgressivoInvio>
            <FormatoTrasmissione>FPR12</FormatoTrasmissione>
            <CodiceDestinatario>0000000</CodiceDestinatario>
        </DatiTrasmissione>
        <CedentePrestatore>
            <DatiAnagrafici>
                <IdFiscaleIVA>
                    <IdPaese>IT</IdPaese>
                    <IdCodice>01177360920</IdCodice>
                </IdFiscaleIVA>
                <CodiceFiscale>BRNGNN49S12L093K</CodiceFiscale>
                <Anagrafica>
                    <Nome>GIOVANNI</Nome>
                    <Cognome>BRANCA</Cognome>
                </Anagrafica>
                <RegimeFiscale>RF19</RegimeFiscale>
            </DatiAnagrafici>
            <Sede>
                <Indirizzo>LOC. COCCODI</Indirizzo>
                <CAP>09068</CAP>
                <Comune>UTA</Comune>
                <Provincia>CA</Provincia>
                <Nazione>IT</Nazione>
            </Sede>
        </CedentePrestatore>
        <CessionarioCommittente>
            <DatiAnagrafici>
                <IdFiscaleIVA>
                    <IdPaese>IT</IdPaese>
                    <IdCodice>02673640922</IdCodice>
                </IdFiscaleIVA>
                <CodiceFiscale>MMLMRZ78C30B180T</CodiceFiscale>
                <Anagrafica>
                    <Denominazione>PASTIFICIO NONNA CLAUDIA</Denominazione>
                </Anagrafica>
            </DatiAnagrafici>
            <Sede>
                <Indirizzo>VIA CARMINE 20B</Indirizzo>
                <CAP>09032</CAP>
                <Comune>ASSEMINI</Comune>
                <Provincia>CA</Provincia>
                <Nazione>IT</Nazione>
            </Sede>
        </CessionarioCommittente>
    </FatturaElettronicaHeader>
    <FatturaElettronicaBody>
        <DatiGenerali>
            <DatiGeneraliDocumento>
                <TipoDocumento>TD01</TipoDocumento>
                <Divisa>EUR</Divisa>
                <Data>2025-09-30</Data>
                <Numero>002-00064</Numero>
                <ImportoTotaleDocumento>376.00</ImportoTotaleDocumento>
            </DatiGeneraliDocumento>
        </DatiGenerali>
        <DatiBeniServizi>
            <DettaglioLinee>
                <NumeroLinea>1</NumeroLinea>
                <CodiceArticolo>
                    <CodiceTipo>INTERNO</CodiceTipo>
                    <CodiceValore>---</CodiceValore>
                </CodiceArticolo>
                <Descrizione>BOLLA 122 DEL 05/09/2025</Descrizione>
                <Quantita>1.00</Quantita>
                <PrezzoUnitario>64.00</PrezzoUnitario>
                <PrezzoTotale>64.00</PrezzoTotale>
                <AliquotaIVA>0.00</AliquotaIVA>
                <Natura>N2.2</Natura>
            </DettaglioLinee>
            <DettaglioLinee>
                <NumeroLinea>2</NumeroLinea>
                <CodiceArticolo>
                    <CodiceTipo>INTERNO</CodiceTipo>
                    <CodiceValore>---</CodiceValore>
                </CodiceArticolo>
                <Descrizione>BOLLA 131 DEL 22/09/2025</Descrizione>
                <Quantita>1.00</Quantita>
                <PrezzoUnitario>174.00</PrezzoUnitario>
                <PrezzoTotale>174.00</PrezzoTotale>
                <AliquotaIVA>0.00</AliquotaIVA>
                <Natura>N2.2</Natura>
            </DettaglioLinee>
            <DettaglioLinee>
                <NumeroLinea>3</NumeroLinea>
                <CodiceArticolo>
                    <CodiceTipo>INTERNO</CodiceTipo>
                    <CodiceValore>---</CodiceValore>
                </CodiceArticolo>
                <Descrizione>BOLLA 128 DEL 18/09/2025</Descrizione>
                <Quantita>1.00</Quantita>
                <PrezzoUnitario>138.00</PrezzoUnitario>
                <PrezzoTotale>138.00</PrezzoTotale>
                <AliquotaIVA>0.00</AliquotaIVA>
                <Natura>N2.2</Natura>
            </DettaglioLinee>
            <DatiRiepilogo>
                <AliquotaIVA>0.00</AliquotaIVA>
                <Natura>N2.2</Natura>
                <ImponibileImporto>376.00</ImponibileImporto>
                <Imposta>0.00</Imposta>
                <EsigibilitaIVA>I</EsigibilitaIVA>
                <RiferimentoNormativo>Non soggette IVA   Altri casi</RiferimentoNormativo>
            </DatiRiepilogo>
        </DatiBeniServizi>
        <DatiPagamento>
            <CondizioniPagamento>TP02</CondizioniPagamento>
            <DettaglioPagamento>
                <ModalitaPagamento>MP01</ModalitaPagamento>
                <DataRiferimentoTerminiPagamento>2025-09-30</DataRiferimentoTerminiPagamento>
                <DataScadenzaPagamento>2025-09-30</DataScadenzaPagamento>
                <ImportoPagamento>376.00</ImportoPagamento>
            </DettaglioPagamento>
        </DatiPagamento>
    </FatturaElettronicaBody>
</ns3:FatturaElettronica>