<?xml version="1.0" encoding="UTF-8"?><ns3:FatturaElettronica versione="FPR12" xmlns:ns2="http://www.w3.org/2000/09/xmldsig#" xmlns:ns3="http://ivaservizi.agenziaentrate.gov.it/docs/xsd/fatture/v1.2">
    <FatturaElettronicaHeader>
        <DatiTrasmissione>
            <IdTrasmittente>
                <IdPaese>IT</IdPaese>
                <IdCodice>01641790702</IdCodice>
            </IdTrasmittente>
            <ProgressivoInvio>G7O1Q</ProgressivoInvio>
            <FormatoTrasmissione>FPR12</FormatoTrasmissione>
            <CodiceDestinatario>M5UXCR1</CodiceDestinatario>
            <ContattiTrasmittente>
                <Telefono>0874-60561</Telefono>
            </ContattiTrasmittente>
        </DatiTrasmissione>
        <CedentePrestatore>
            <DatiAnagrafici>
                <IdFiscaleIVA>
                    <IdPaese>IT</IdPaese>
                    <IdCodice>03857760924</IdCodice>
                </IdFiscaleIVA>
                <CodiceFiscale>CSDMHL80C54H118F</CodiceFiscale>
                <Anagrafica>
                    <Denominazione>Su Casiddu di Casiddu Michela</Denominazione>
                </Anagrafica>
                <RegimeFiscale>RF01</RegimeFiscale>
            </DatiAnagrafici>
            <Sede>
                <Indirizzo>Via dei Mandorli, 10</Indirizzo>
                <CAP>09032</CAP>
                <Comune>Assemini</Comune>
                <Provincia>CA</Provincia>
                <Nazione>IT</Nazione>
            </Sede>
            <IscrizioneREA>
                <Ufficio>CA</Ufficio>
                <NumeroREA>302383</NumeroREA>
                <StatoLiquidazione>LN</StatoLiquidazione>
            </IscrizioneREA>
            <Contatti>
                <Telefono>3271085913</Telefono>
                <Email>sucasiddu@gmail.com</Email>
            </Contatti>
        </CedentePrestatore>
        <CessionarioCommittente>
            <DatiAnagrafici>
                <IdFiscaleIVA>
                    <IdPaese>IT</IdPaese>
                    <IdCodice>02673640922</IdCodice>
                </IdFiscaleIVA>
                <CodiceFiscale>MMLMRZ78C30B180T</CodiceFiscale>
                <Anagrafica>
                    <Denominazione>Pastificio Nonna Claudia D Mameli Maurizio</Denominazione>
                </Anagrafica>
            </DatiAnagrafici>
            <Sede>
                <Indirizzo>Via Carmine 22</Indirizzo>
                <CAP>09032</CAP>
                <Comune>Assemini</Comune>
                <Provincia>CA</Provincia>
                <Nazione>IT</Nazione>
            </Sede>
        </CessionarioCommittente>
        <TerzoIntermediarioOSoggettoEmittente>
            <DatiAnagrafici>
                <IdFiscaleIVA>
                    <IdPaese>IT</IdPaese>
                    <IdCodice>01641790702</IdCodice>
                </IdFiscaleIVA>
                <CodiceFiscale>01641790702</CodiceFiscale>
                <Anagrafica>
                    <Denominazione>TEAMSYSTEM SERVICE SRL</Denominazione>
                </Anagrafica>
            </DatiAnagrafici>
        </TerzoIntermediarioOSoggettoEmittente>
        <SoggettoEmittente>TZ</SoggettoEmittente>
    </FatturaElettronicaHeader>
    <FatturaElettronicaBody>
        <DatiGenerali>
            <DatiGeneraliDocumento>
                <TipoDocumento>TD01</TipoDocumento>
                <Divisa>EUR</Divisa>
                <Data>2026-01-27</Data>
                <Numero>6</Numero>
                <ImportoTotaleDocumento>31.20</ImportoTotaleDocumento>
            </DatiGeneraliDocumento>
        </DatiGenerali>
        <DatiBeniServizi>
            <DettaglioLinee>
                <NumeroLinea>1</NumeroLinea>
                <CodiceArticolo>
                    <CodiceTipo>AswArtFor</CodiceTipo>
                    <CodiceValore>f.a</CodiceValore>
                </CodiceArticolo>
                <Descrizione>filoni arancio</Descrizione>
                <Quantita>2.00</Quantita>
                <PrezzoUnitario>15.00</PrezzoUnitario>
                <PrezzoTotale>30.00</PrezzoTotale>
                <AliquotaIVA>4.00</AliquotaIVA>
            </DettaglioLinee>
            <DatiRiepilogo>
                <AliquotaIVA>4.00</AliquotaIVA>
                <ImponibileImporto>30.00</ImponibileImporto>
                <Imposta>1.20</Imposta>
                <EsigibilitaIVA>I</EsigibilitaIVA>
            </DatiRiepilogo>
        </DatiBeniServizi>
        <DatiPagamento>
            <CondizioniPagamento>TP02</CondizioniPagamento>
            <DettaglioPagamento>
                <ModalitaPagamento>MP01</ModalitaPagamento>
                <DataScadenzaPagamento>2026-01-27</DataScadenzaPagamento>
                <ImportoPagamento>31.20</ImportoPagamento>
            </DettaglioPagamento>
        </DatiPagamento>
    </FatturaElettronicaBody>
</ns3:FatturaElettronica>