<?xml version="1.0" encoding="UTF-8"?><ns3:FatturaElettronica versione="FPR12" xmlns:ns2="http://www.w3.org/2000/09/xmldsig#" xmlns:ns3="http://ivaservizi.agenziaentrate.gov.it/docs/xsd/fatture/v1.2">
    <FatturaElettronicaHeader>
        <DatiTrasmissione>
            <IdTrasmittente>
                <IdPaese>IT</IdPaese>
                <IdCodice>01641790702</IdCodice>
            </IdTrasmittente>
            <ProgressivoInvio>01ALX</ProgressivoInvio>
            <FormatoTrasmissione>FPR12</FormatoTrasmissione>
            <CodiceDestinatario>M5UXCR1</CodiceDestinatario>
            <ContattiTrasmittente>
                <Telefono>0874-60561</Telefono>
            </ContattiTrasmittente>
        </DatiTrasmissione>
        <CedentePrestatore>
            <DatiAnagrafici>
                <IdFiscaleIVA>
                    <IdPaese>IT</IdPaese>
                    <IdCodice>01471500924</IdCodice>
                </IdFiscaleIVA>
                <CodiceFiscale>01471500924</CodiceFiscale>
                <Anagrafica>
                    <Denominazione>ELLEDI SRL</Denominazione>
                </Anagrafica>
                <RegimeFiscale>RF01</RegimeFiscale>
            </DatiAnagrafici>
            <Sede>
                <Indirizzo>VIA EDISON, 6 - Z.INDUSTRIALE</Indirizzo>
                <CAP>09047</CAP>
                <Comune>SELARGIUS</Comune>
                <Provincia>CA</Provincia>
                <Nazione>IT</Nazione>
            </Sede>
        </CedentePrestatore>
        <CessionarioCommittente>
            <DatiAnagrafici>
                <IdFiscaleIVA>
                    <IdPaese>IT</IdPaese>
                    <IdCodice>02673640922</IdCodice>
                </IdFiscaleIVA>
                <CodiceFiscale>MMLMRZ78C30B180T</CodiceFiscale>
                <Anagrafica>
                    <Nome>CLAUDIA Pastif.di MA</Nome>
                    <Cognome>NONNA</Cognome>
                </Anagrafica>
            </DatiAnagrafici>
            <Sede>
                <Indirizzo>VIA CARMINE, 20/B</Indirizzo>
                <CAP>09032</CAP>
                <Comune>ASSEMINI</Comune>
                <Provincia>CA</Provincia>
                <Nazione>IT</Nazione>
            </Sede>
        </CessionarioCommittente>
        <TerzoIntermediarioOSoggettoEmittente>
            <DatiAnagrafici>
                <IdFiscaleIVA>
                    <IdPaese>IT</IdPaese>
                    <IdCodice>01641790702</IdCodice>
                </IdFiscaleIVA>
                <CodiceFiscale>01641790702</CodiceFiscale>
                <Anagrafica>
                    <Denominazione>TEAMSYSTEM SERVICE SRL</Denominazione>
                </Anagrafica>
            </DatiAnagrafici>
        </TerzoIntermediarioOSoggettoEmittente>
        <SoggettoEmittente>TZ</SoggettoEmittente>
    </FatturaElettronicaHeader>
    <FatturaElettronicaBody>
        <DatiGenerali>
            <DatiGeneraliDocumento>
                <TipoDocumento>TD01</TipoDocumento>
                <Divisa>EUR</Divisa>
                <Data>2026-02-20</Data>
                <Numero>801/01</Numero>
                <ImportoTotaleDocumento>62.59</ImportoTotaleDocumento>
            </DatiGeneraliDocumento>
            <DatiOrdineAcquisto>
                <IdDocumento>I202601817</IdDocumento>
            </DatiOrdineAcquisto>
            <DatiTrasporto>
                <CausaleTrasporto>C/Vendita</CausaleTrasporto>
                <Descrizione>VISIBILE</Descrizione>
                <PesoLordo>5.00</PesoLordo>
                <PesoNetto>5.00</PesoNetto>
                <DataInizioTrasporto>2026-02-20</DataInizioTrasporto>
            </DatiTrasporto>
        </DatiGenerali>
        <DatiBeniServizi>
            <DettaglioLinee>
                <NumeroLinea>1</NumeroLinea>
                <Descrizione>Ordine Cl. num. 2059/00 del 20/02/2026 Vs. num. I202601817</Descrizione>
                <PrezzoUnitario>0.00000000</PrezzoUnitario>
                <PrezzoTotale>0.00</PrezzoTotale>
                <AliquotaIVA>4.00</AliquotaIVA>
                <AltriDatiGestionali>
                    <TipoDato>AswTRiga</TipoDato>
                    <RiferimentoTesto>Descrittivo #DE#</RiferimentoTesto>
                </AltriDatiGestionali>
            </DettaglioLinee>
            <DettaglioLinee>
                <NumeroLinea>2</NumeroLinea>
                <CodiceArticolo>
                    <CodiceTipo>AswArtFor</CodiceTipo>
                    <CodiceValore>MND89C</CodiceValore>
                </CodiceArticolo>
                <CodiceArticolo>
                    <CodiceTipo>Codice Art. fornitore</CodiceTipo>
                    <CodiceValore>MND89C</CodiceValore>
                </CodiceArticolo>
                <Descrizione>MANDORLE PELATE DOLCI SACCO DA KG.5 EUR. - CHIAROLLA</Descrizione>
                <Quantita>5.000</Quantita>
                <UnitaMisura>KG</UnitaMisura>
                <PrezzoUnitario>12.03500000</PrezzoUnitario>
                <PrezzoTotale>60.18</PrezzoTotale>
                <AliquotaIVA>4.00</AliquotaIVA>
                <AltriDatiGestionali>
                    <TipoDato>AswTRiga</TipoDato>
                    <RiferimentoTesto>Normale #NO#</RiferimentoTesto>
                </AltriDatiGestionali>
            </DettaglioLinee>
            <DettaglioLinee>
                <NumeroLinea>3</NumeroLinea>
                <Descrizione>Riga ausiliaria contenente informazioni tecniche e aggiuntive del documento</Descrizione>
                <PrezzoUnitario>0.00000000</PrezzoUnitario>
                <PrezzoTotale>0.00</PrezzoTotale>
                <AliquotaIVA>4.00</AliquotaIVA>
                <AltriDatiGestionali>
                    <TipoDato>AswRelStd</TipoDato>
                    <RiferimentoTesto>Versione #Asw0106#</RiferimentoTesto>
                </AltriDatiGestionali>
                <AltriDatiGestionali>
                    <TipoDato>AswSwHouse</TipoDato>
                    <RiferimentoTesto>TeamSystem S.p.a. / TS Enterprise</RiferimentoTesto>
                </AltriDatiGestionali>
                <AltriDatiGestionali>
                    <TipoDato>AswDestB2B</TipoDato>
                    <RiferimentoTesto>Recipient #M5UXCR1#</RiferimentoTesto>
                </AltriDatiGestionali>
                <AltriDatiGestionali>
                    <TipoDato>AswTipoDoc</TipoDato>
                    <RiferimentoTesto>Fattura #TPD01#</RiferimentoTesto>
                </AltriDatiGestionali>
                <AltriDatiGestionali>
                    <TipoDato>AswCarDoc</TipoDato>
                    <RiferimentoTesto>Fattura documento di trasporto (accompagnatoria) #CD03#</RiferimentoTesto>
                </AltriDatiGestionali>
                <AltriDatiGestionali>
                    <TipoDato>AswTratSco</TipoDato>
                    <RiferimentoTesto>Percentuali come righe sconto #PRS#</RiferimentoTesto>
                </AltriDatiGestionali>
                <AltriDatiGestionali>
                    <TipoDato>AswTratSco</TipoDato>
                    <RiferimentoTesto>Valori come righe sconto #PRS#</RiferimentoTesto>
                </AltriDatiGestionali>
                <AltriDatiGestionali>
                    <TipoDato>AswTRiga</TipoDato>
                    <RiferimentoTesto>Informazioni documento #ID#</RiferimentoTesto>
                </AltriDatiGestionali>
            </DettaglioLinee>
            <DatiRiepilogo>
                <AliquotaIVA>4.00</AliquotaIVA>
                <ImponibileImporto>60.18</ImponibileImporto>
                <Imposta>2.41</Imposta>
                <EsigibilitaIVA>I</EsigibilitaIVA>
            </DatiRiepilogo>
        </DatiBeniServizi>
        <DatiPagamento>
            <CondizioniPagamento>TP02</CondizioniPagamento>
            <DettaglioPagamento>
                <ModalitaPagamento>MP05</ModalitaPagamento>
                <DataRiferimentoTerminiPagamento>2026-02-20</DataRiferimentoTerminiPagamento>
                <GiorniTerminiPagamento>39</GiorniTerminiPagamento>
                <DataScadenzaPagamento>2026-03-31</DataScadenzaPagamento>
                <ImportoPagamento>62.59</ImportoPagamento>
            </DettaglioPagamento>
        </DatiPagamento>
    </FatturaElettronicaBody>
</ns3:FatturaElettronica>