<?xml version="1.0" encoding="UTF-8"?><ns3:FatturaElettronica versione="FPR12" xmlns:ns2="http://www.w3.org/2000/09/xmldsig#" xmlns:ns3="http://ivaservizi.agenziaentrate.gov.it/docs/xsd/fatture/v1.2">
    <FatturaElettronicaHeader>
        <DatiTrasmissione>
            <IdTrasmittente>
                <IdPaese>IT</IdPaese>
                <IdCodice>MRGCLD79A44E281M</IdCodice>
            </IdTrasmittente>
            <ProgressivoInvio>lkb5m</ProgressivoInvio>
            <FormatoTrasmissione>FPR12</FormatoTrasmissione>
            <CodiceDestinatario>0000000</CodiceDestinatario>
        </DatiTrasmissione>
        <CedentePrestatore>
            <DatiAnagrafici>
                <IdFiscaleIVA>
                    <IdPaese>IT</IdPaese>
                    <IdCodice>03092790926</IdCodice>
                </IdFiscaleIVA>
                <CodiceFiscale>MRGCLD79A44E281M</CodiceFiscale>
                <Anagrafica>
                    <Nome>CLAUDIA</Nome>
                    <Cognome>MURGIA</Cognome>
                </Anagrafica>
                <RegimeFiscale>RF19</RegimeFiscale>
            </DatiAnagrafici>
            <Sede>
                <Indirizzo>VIA VINCENZO MONTI</Indirizzo>
                <NumeroCivico>31</NumeroCivico>
                <CAP>09128</CAP>
                <Comune>CAGLIARI</Comune>
                <Provincia>CA</Provincia>
                <Nazione>IT</Nazione>
            </Sede>
        </CedentePrestatore>
        <CessionarioCommittente>
            <DatiAnagrafici>
                <IdFiscaleIVA>
                    <IdPaese>IT</IdPaese>
                    <IdCodice>02673640922</IdCodice>
                </IdFiscaleIVA>
                <Anagrafica>
                    <Denominazione>PASTIFICIO NONNA CLAUDIA DI MAMELI MAURIZIO</Denominazione>
                </Anagrafica>
            </DatiAnagrafici>
            <Sede>
                <Indirizzo>Via Carmine</Indirizzo>
                <NumeroCivico>20/b</NumeroCivico>
                <CAP>09032</CAP>
                <Comune>Assemini</Comune>
                <Provincia>CA</Provincia>
                <Nazione>IT</Nazione>
            </Sede>
        </CessionarioCommittente>
    </FatturaElettronicaHeader>
    <FatturaElettronicaBody>
        <DatiGenerali>
            <DatiGeneraliDocumento>
                <TipoDocumento>TD06</TipoDocumento>
                <Divisa>EUR</Divisa>
                <Data>2026-01-29</Data>
                <Numero>8</Numero>
                <DatiBollo>
                    <BolloVirtuale>SI</BolloVirtuale>
                    <ImportoBollo>2.00</ImportoBollo>
                </DatiBollo>
                <DatiCassaPrevidenziale>
                    <TipoCassa>TC06</TipoCassa>
                    <AlCassa>4.00</AlCassa>
                    <ImportoContributoCassa>28.85</ImportoContributoCassa>
                    <ImponibileCassa>721.15</ImponibileCassa>
                    <AliquotaIVA>0.00</AliquotaIVA>
                    <Natura>N2.2</Natura>
                </DatiCassaPrevidenziale>
                <ImportoTotaleDocumento>750.00</ImportoTotaleDocumento>
            </DatiGeneraliDocumento>
        </DatiGenerali>
        <DatiBeniServizi>
            <DettaglioLinee>
                <NumeroLinea>1</NumeroLinea>
                <Descrizione>Competenze I semestre 2025</Descrizione>
                <PrezzoUnitario>721.15</PrezzoUnitario>
                <PrezzoTotale>721.15</PrezzoTotale>
                <AliquotaIVA>0.00</AliquotaIVA>
                <Natura>N2.2</Natura>
            </DettaglioLinee>
            <DatiRiepilogo>
                <AliquotaIVA>0.00</AliquotaIVA>
                <Natura>N2.2</Natura>
                <ImponibileImporto>750.00</ImponibileImporto>
                <Imposta>0.00</Imposta>
            </DatiRiepilogo>
        </DatiBeniServizi>
        <DatiPagamento>
            <CondizioniPagamento>TP02</CondizioniPagamento>
            <DettaglioPagamento>
                <Beneficiario>MURGIA CLAUDIA</Beneficiario>
                <ModalitaPagamento>MP05</ModalitaPagamento>
                <DataRiferimentoTerminiPagamento>2026-01-29</DataRiferimentoTerminiPagamento>
                <ImportoPagamento>750.00</ImportoPagamento>
                <IBAN>IT03M0709604800000000016650</IBAN>
            </DettaglioPagamento>
        </DatiPagamento>
    </FatturaElettronicaBody>
</ns3:FatturaElettronica>