<?xml version="1.0" encoding="UTF-8"?><ns3:FatturaElettronica versione="FPR12" xmlns:ns2="http://www.w3.org/2000/09/xmldsig#" xmlns:ns3="http://ivaservizi.agenziaentrate.gov.it/docs/xsd/fatture/v1.2">
    <FatturaElettronicaHeader>
        <DatiTrasmissione>
            <IdTrasmittente>
                <IdPaese>IT</IdPaese>
                <IdCodice>03618500403</IdCodice>
            </IdTrasmittente>
            <ProgressivoInvio>3FJnF</ProgressivoInvio>
            <FormatoTrasmissione>FPR12</FormatoTrasmissione>
            <CodiceDestinatario>M5UXCR1</CodiceDestinatario>
        </DatiTrasmissione>
        <CedentePrestatore>
            <DatiAnagrafici>
                <IdFiscaleIVA>
                    <IdPaese>IT</IdPaese>
                    <IdCodice>01754190922</IdCodice>
                </IdFiscaleIVA>
                <CodiceFiscale>01754190922</CodiceFiscale>
                <Anagrafica>
                    <Denominazione>FUEL SERVICE DECIMO S.A.S DI MARCELLINO MAMELI</Denominazione>
                </Anagrafica>
                <RegimeFiscale>RF01</RegimeFiscale>
            </DatiAnagrafici>
            <Sede>
                <Indirizzo>VIA NAZIONALE, SNC</Indirizzo>
                <CAP>09033</CAP>
                <Comune>DECIMOMANNU</Comune>
                <Provincia>CA</Provincia>
                <Nazione>IT</Nazione>
            </Sede>
            <IscrizioneREA>
                <Ufficio>CA</Ufficio>
                <NumeroREA>141156</NumeroREA>
                <CapitaleSociale>0.00</CapitaleSociale>
                <SocioUnico>SM</SocioUnico>
                <StatoLiquidazione>LN</StatoLiquidazione>
            </IscrizioneREA>
        </CedentePrestatore>
        <CessionarioCommittente>
            <DatiAnagrafici>
                <IdFiscaleIVA>
                    <IdPaese>IT</IdPaese>
                    <IdCodice>02673640922</IdCodice>
                </IdFiscaleIVA>
                <CodiceFiscale>MMLMRZ78C30B180T</CodiceFiscale>
                <Anagrafica>
                    <Denominazione>Pastificio Nonna Claudia di Mameli Maurizio</Denominazione>
                </Anagrafica>
            </DatiAnagrafici>
            <Sede>
                <Indirizzo>Via Carmine 20/b</Indirizzo>
                <CAP>09032</CAP>
                <Comune>Assemini</Comune>
                <Provincia>CA</Provincia>
                <Nazione>IT</Nazione>
            </Sede>
        </CessionarioCommittente>
        <TerzoIntermediarioOSoggettoEmittente>
            <DatiAnagrafici>
                <IdFiscaleIVA>
                    <IdPaese>IT</IdPaese>
                    <IdCodice>03618500403</IdCodice>
                </IdFiscaleIVA>
                <CodiceFiscale>03618500403</CodiceFiscale>
                <Anagrafica>
                    <Denominazione>Fortech S.r.l.</Denominazione>
                </Anagrafica>
            </DatiAnagrafici>
        </TerzoIntermediarioOSoggettoEmittente>
        <SoggettoEmittente>TZ</SoggettoEmittente>
    </FatturaElettronicaHeader>
    <FatturaElettronicaBody>
        <DatiGenerali>
            <DatiGeneraliDocumento>
                <TipoDocumento>TD01</TipoDocumento>
                <Divisa>EUR</Divisa>
                <Data>2026-01-17</Data>
                <Numero>2026/FE07623/109</Numero>
                <ImportoTotaleDocumento>75.00</ImportoTotaleDocumento>
                <Arrotondamento>0.00</Arrotondamento>
            </DatiGeneraliDocumento>
        </DatiGenerali>
        <DatiBeniServizi>
            <DettaglioLinee>
                <NumeroLinea>1</NumeroLinea>
                <CodiceArticolo>
                    <CodiceTipo>CARB</CodiceTipo>
                    <CodiceValore>27101245</CodiceValore>
                </CodiceArticolo>
                <CodiceArticolo>
                    <CodiceTipo>prod</CodiceTipo>
                    <CodiceValore>SP</CodiceValore>
                </CodiceArticolo>
                <CodiceArticolo>
                    <CodiceTipo>altro</CodiceTipo>
                    <CodiceValore>021</CodiceValore>
                </CodiceArticolo>
                <Descrizione>Erogazione EniLive SenzaPb</Descrizione>
                <Quantita>47.20</Quantita>
                <UnitaMisura>L</UnitaMisura>
                <PrezzoUnitario>1.30244512</PrezzoUnitario>
                <PrezzoTotale>61.47540984</PrezzoTotale>
                <AliquotaIVA>22.00</AliquotaIVA>
                <AltriDatiGestionali>
                    <TipoDato>nrscontr</TipoDato>
                    <RiferimentoTesto>RkYyQzc1RTEyRUMzMUZDNjE4RjhEOTEw</RiferimentoTesto>
                </AltriDatiGestionali>
                <AltriDatiGestionali>
                    <TipoDato>codpv</TipoDato>
                    <RiferimentoTesto>07623</RiferimentoTesto>
                </AltriDatiGestionali>
            </DettaglioLinee>
            <DatiRiepilogo>
                <AliquotaIVA>22.00</AliquotaIVA>
                <ImponibileImporto>61.48</ImponibileImporto>
                <Imposta>13.52</Imposta>
                <EsigibilitaIVA>I</EsigibilitaIVA>
            </DatiRiepilogo>
        </DatiBeniServizi>
    </FatturaElettronicaBody>
</ns3:FatturaElettronica>