<?xml version="1.0" encoding="UTF-8"?><ns3:FatturaElettronica versione="FPR12" xmlns:ns2="http://www.w3.org/2000/09/xmldsig#" xmlns:ns3="http://ivaservizi.agenziaentrate.gov.it/docs/xsd/fatture/v1.2">
    <FatturaElettronicaHeader>
        <DatiTrasmissione>
            <IdTrasmittente>
                <IdPaese>IT</IdPaese>
                <IdCodice>08973230967</IdCodice>
            </IdTrasmittente>
            <ProgressivoInvio>Eb3GP</ProgressivoInvio>
            <FormatoTrasmissione>FPR12</FormatoTrasmissione>
            <CodiceDestinatario>0000000</CodiceDestinatario>
        </DatiTrasmissione>
        <CedentePrestatore>
            <DatiAnagrafici>
                <IdFiscaleIVA>
                    <IdPaese>IT</IdPaese>
                    <IdCodice>08973230967</IdCodice>
                </IdFiscaleIVA>
                <Anagrafica>
                    <Denominazione>Amazon EU S.a r.l., Succursale Italiana</Denominazione>
                </Anagrafica>
                <RegimeFiscale>RF01</RegimeFiscale>
            </DatiAnagrafici>
            <Sede>
                <Indirizzo>38 avenue John F. Kennedy</Indirizzo>
                <CAP>01855</CAP>
                <Comune>Luxemburgo</Comune>
                <Nazione>LU</Nazione>
            </Sede>
            <StabileOrganizzazione>
                <Indirizzo>Viale Monte Grappa 3/5</Indirizzo>
                <CAP>20124</CAP>
                <Comune>Milano</Comune>
                <Nazione>IT</Nazione>
            </StabileOrganizzazione>
        </CedentePrestatore>
        <CessionarioCommittente>
            <DatiAnagrafici>
                <IdFiscaleIVA>
                    <IdPaese>IT</IdPaese>
                    <IdCodice>02673640922</IdCodice>
                </IdFiscaleIVA>
                <Anagrafica>
                    <Denominazione>Pastificio Nonna Claudia di Mameli Maurizio</Denominazione>
                </Anagrafica>
            </DatiAnagrafici>
            <Sede>
                <Indirizzo>Via Carmine 22</Indirizzo>
                <CAP>09032</CAP>
                <Comune>Assemini</Comune>
                <Nazione>IT</Nazione>
            </Sede>
        </CessionarioCommittente>
    </FatturaElettronicaHeader>
    <FatturaElettronicaBody>
        <DatiGenerali>
            <DatiGeneraliDocumento>
                <TipoDocumento>TD01</TipoDocumento>
                <Divisa>EUR</Divisa>
                <Data>2026-02-08</Data>
                <Numero>IT26-AEUI-2062419</Numero>
                <ImportoTotaleDocumento>17.16</ImportoTotaleDocumento>
                <Arrotondamento>0.00</Arrotondamento>
            </DatiGeneraliDocumento>
            <DatiContratto>
                <RiferimentoNumeroLinea>1</RiferimentoNumeroLinea>
                <RiferimentoNumeroLinea>2</RiferimentoNumeroLinea>
                <IdDocumento>171-0405749-5465168</IdDocumento>
                <Data>2026-02-06</Data>
            </DatiContratto>
            <FatturaPrincipale>
                <NumeroFatturaPrincipale>IT26-AEUI-2062419</NumeroFatturaPrincipale>
                <DataFatturaPrincipale>2026-02-08</DataFatturaPrincipale>
            </FatturaPrincipale>
        </DatiGenerali>
        <DatiBeniServizi>
            <DettaglioLinee>
                <NumeroLinea>1</NumeroLinea>
                <Descrizione>Anthon Berg - Cioccolatini Assortiti, Confezione Regalo Elegante a Cuore, Originali dalla Danimarca, 155 Grammi</Descrizione>
                <Quantita>1.00</Quantita>
                <DataInizioPeriodo>2026-02-08</DataInizioPeriodo>
                <DataFinePeriodo>2026-02-08</DataFinePeriodo>
                <PrezzoUnitario>15.60</PrezzoUnitario>
                <PrezzoTotale>15.60</PrezzoTotale>
                <AliquotaIVA>10.00</AliquotaIVA>
            </DettaglioLinee>
            <DettaglioLinee>
                <NumeroLinea>2</NumeroLinea>
                <Descrizione>Costi di spedizione</Descrizione>
                <Quantita>1.00</Quantita>
                <DataInizioPeriodo>2026-02-08</DataInizioPeriodo>
                <DataFinePeriodo>2026-02-08</DataFinePeriodo>
                <PrezzoUnitario>0.00</PrezzoUnitario>
                <PrezzoTotale>0.00</PrezzoTotale>
                <AliquotaIVA>10.00</AliquotaIVA>
            </DettaglioLinee>
            <DatiRiepilogo>
                <AliquotaIVA>10.00</AliquotaIVA>
                <Arrotondamento>0.00</Arrotondamento>
                <ImponibileImporto>15.60</ImponibileImporto>
                <Imposta>1.56</Imposta>
            </DatiRiepilogo>
        </DatiBeniServizi>
        <DatiPagamento>
            <CondizioniPagamento>TP02</CondizioniPagamento>
            <DettaglioPagamento>
                <ModalitaPagamento>MP08</ModalitaPagamento>
                <ImportoPagamento>17.16</ImportoPagamento>
            </DettaglioPagamento>
        </DatiPagamento>
    </FatturaElettronicaBody>
</ns3:FatturaElettronica>