<?xml version="1.0" encoding="UTF-8"?><ns3:FatturaElettronica versione="FPR12" xmlns:ns2="http://www.w3.org/2000/09/xmldsig#" xmlns:ns3="http://ivaservizi.agenziaentrate.gov.it/docs/xsd/fatture/v1.2">
    <FatturaElettronicaHeader>
        <DatiTrasmissione>
            <IdTrasmittente>
                <IdPaese>IT</IdPaese>
                <IdCodice>08245660017</IdCodice>
            </IdTrasmittente>
            <ProgressivoInvio>0000001</ProgressivoInvio>
            <FormatoTrasmissione>FPR12</FormatoTrasmissione>
            <CodiceDestinatario>M5UXCR1</CodiceDestinatario>
        </DatiTrasmissione>
        <CedentePrestatore>
            <DatiAnagrafici>
                <IdFiscaleIVA>
                    <IdPaese>IT</IdPaese>
                    <IdCodice>01053790950</IdCodice>
                </IdFiscaleIVA>
                <CodiceFiscale>FSAPPL62L03B354H</CodiceFiscale>
                <Anagrafica>
                    <Nome>PIER PAOLO</Nome>
                    <Cognome>FAIS</Cognome>
                </Anagrafica>
                <RegimeFiscale>RF01</RegimeFiscale>
            </DatiAnagrafici>
            <Sede>
                <Indirizzo>VIA MANNU 4</Indirizzo>
                <CAP>09088</CAP>
                <Comune>SIMAXIS</Comune>
                <Provincia>OR</Provincia>
                <Nazione>IT</Nazione>
            </Sede>
            <IscrizioneREA>
                <Ufficio>CA</Ufficio>
                <NumeroREA>127077</NumeroREA>
                <SocioUnico>SM</SocioUnico>
                <StatoLiquidazione>LN</StatoLiquidazione>
            </IscrizioneREA>
            <Contatti>
                <Telefono>3384324206</Telefono>
                <Email>PAOLOFAIS@TISCALI.IT</Email>
            </Contatti>
        </CedentePrestatore>
        <CessionarioCommittente>
            <DatiAnagrafici>
                <IdFiscaleIVA>
                    <IdPaese>IT</IdPaese>
                    <IdCodice>02673640922</IdCodice>
                </IdFiscaleIVA>
                <CodiceFiscale>MMLMRZ78C30B180T</CodiceFiscale>
                <Anagrafica>
                    <Nome>MAURIZIO</Nome>
                    <Cognome>MAMELI</Cognome>
                </Anagrafica>
            </DatiAnagrafici>
            <Sede>
                <Indirizzo>VIA CARMINE 20/B</Indirizzo>
                <CAP>09032</CAP>
                <Comune>ASSEMINI</Comune>
                <Provincia>CA</Provincia>
                <Nazione>IT</Nazione>
            </Sede>
        </CessionarioCommittente>
    </FatturaElettronicaHeader>
    <FatturaElettronicaBody>
        <DatiGenerali>
            <DatiGeneraliDocumento>
                <TipoDocumento>TD01</TipoDocumento>
                <Divisa>EUR</Divisa>
                <Data>2026-01-08</Data>
                <Numero>4/001</Numero>
                <ImportoTotaleDocumento>635.98</ImportoTotaleDocumento>
            </DatiGeneraliDocumento>
            <DatiDDT>
                <NumeroDDT>04</NumeroDDT>
                <DataDDT>2026-01-08</DataDDT>
            </DatiDDT>
        </DatiGenerali>
        <DatiBeniServizi>
            <DettaglioLinee>
                <NumeroLinea>1</NumeroLinea>
                <CodiceArticolo>
                    <CodiceTipo>AswArtFor</CodiceTipo>
                    <CodiceValore>2RE 2X50X3+GREMB.</CodiceValore>
                </CodiceArticolo>
                <Descrizione>ZAFERANO DUE RE + 1 GREMBIULE OMAGGIO IMB 2 SCAT DA 50 BUSTE G. 0,375 CAD.</Descrizione>
                <Quantita>300.00000000</Quantita>
                <UnitaMisura>PZ</UnitaMisura>
                <PrezzoUnitario>1.92720000</PrezzoUnitario>
                <PrezzoTotale>578.16000000</PrezzoTotale>
                <AliquotaIVA>10.00</AliquotaIVA>
            </DettaglioLinee>
            <DatiRiepilogo>
                <AliquotaIVA>10.00</AliquotaIVA>
                <ImponibileImporto>578.16</ImponibileImporto>
                <Imposta>57.82</Imposta>
                <EsigibilitaIVA>I</EsigibilitaIVA>
                <RiferimentoNormativo>10 - 10% - GENERICO</RiferimentoNormativo>
            </DatiRiepilogo>
        </DatiBeniServizi>
        <DatiPagamento>
            <CondizioniPagamento>TP02</CondizioniPagamento>
            <DettaglioPagamento>
                <ModalitaPagamento>MP05</ModalitaPagamento>
                <DataScadenzaPagamento>2026-01-08</DataScadenzaPagamento>
                <ImportoPagamento>635.98</ImportoPagamento>
                <IBAN>IT91W0100517400000000009124</IBAN>
            </DettaglioPagamento>
        </DatiPagamento>
    </FatturaElettronicaBody>
</ns3:FatturaElettronica>