<?xml version="1.0" encoding="UTF-8"?><ns3:FatturaElettronica versione="FPR12" xmlns:ns2="http://www.w3.org/2000/09/xmldsig#" xmlns:ns3="http://ivaservizi.agenziaentrate.gov.it/docs/xsd/fatture/v1.2">
    <FatturaElettronicaHeader>
        <DatiTrasmissione>
            <IdTrasmittente>
                <IdPaese>SM</IdPaese>
                <IdCodice>03473</IdCodice>
            </IdTrasmittente>
            <ProgressivoInvio>1/69</ProgressivoInvio>
            <FormatoTrasmissione>FPR12</FormatoTrasmissione>
            <CodiceDestinatario>M5UXCR1</CodiceDestinatario>
        </DatiTrasmissione>
        <CedentePrestatore>
            <DatiAnagrafici>
                <IdFiscaleIVA>
                    <IdPaese>IT</IdPaese>
                    <IdCodice>04046730927</IdCodice>
                </IdFiscaleIVA>
                <CodiceFiscale>04046730927</CodiceFiscale>
                <Anagrafica>
                    <Denominazione>Arredamenti Manca srl</Denominazione>
                </Anagrafica>
                <RegimeFiscale>RF01</RegimeFiscale>
            </DatiAnagrafici>
            <Sede>
                <Indirizzo>Via Carmine, 2</Indirizzo>
                <CAP>09032</CAP>
                <Comune>ASSEMINI</Comune>
                <Provincia>CA</Provincia>
                <Nazione>IT</Nazione>
            </Sede>
            <Contatti>
                <Telefono>+39070945604</Telefono>
                <Email>amministrazione@arredamentimanca.it</Email>
            </Contatti>
        </CedentePrestatore>
        <CessionarioCommittente>
            <DatiAnagrafici>
                <IdFiscaleIVA>
                    <IdPaese>IT</IdPaese>
                    <IdCodice>02673640922</IdCodice>
                </IdFiscaleIVA>
                <CodiceFiscale>MMLMRZ78C30B180T</CodiceFiscale>
                <Anagrafica>
                    <Denominazione>PASTIFICIO NONNA CLAUDIA DI MAMELI MAURIZIO</Denominazione>
                </Anagrafica>
            </DatiAnagrafici>
            <Sede>
                <Indirizzo>Via Carmine, 20/B</Indirizzo>
                <CAP>09032</CAP>
                <Comune>ASSEMINI</Comune>
                <Provincia>CA</Provincia>
                <Nazione>IT</Nazione>
            </Sede>
        </CessionarioCommittente>
        <TerzoIntermediarioOSoggettoEmittente>
            <DatiAnagrafici>
                <CodiceFiscale>LCHMDL68H64D639U</CodiceFiscale>
                <Anagrafica>
                    <Nome>MARIA ADELINA</Nome>
                    <Cognome>LICHERI</Cognome>
                </Anagrafica>
            </DatiAnagrafici>
        </TerzoIntermediarioOSoggettoEmittente>
        <SoggettoEmittente>TZ</SoggettoEmittente>
    </FatturaElettronicaHeader>
    <FatturaElettronicaBody>
        <DatiGenerali>
            <DatiGeneraliDocumento>
                <TipoDocumento>TD01</TipoDocumento>
                <Divisa>EUR</Divisa>
                <Data>2026-02-17</Data>
                <Numero>1/69</Numero>
                <ImportoTotaleDocumento>49.00</ImportoTotaleDocumento>
            </DatiGeneraliDocumento>
        </DatiGenerali>
        <DatiBeniServizi>
            <DettaglioLinee>
                <NumeroLinea>1</NumeroLinea>
                <CodiceArticolo>
                    <CodiceTipo>PROPRIETARIO</CodiceTipo>
                    <CodiceValore>BAG25</CodiceValore>
                </CodiceArticolo>
                <Descrizione>BAG25 - BOMBOLA AGIPGAS KG. 25                                                                                                                                                                           </Descrizione>
                <Quantita>1.000000</Quantita>
                <UnitaMisura>NR</UnitaMisura>
                <PrezzoUnitario>40.160000</PrezzoUnitario>
                <PrezzoTotale>40.16</PrezzoTotale>
                <AliquotaIVA>22.00</AliquotaIVA>
            </DettaglioLinee>
            <DatiRiepilogo>
                <AliquotaIVA>22.00</AliquotaIVA>
                <ImponibileImporto>40.16</ImponibileImporto>
                <Imposta>8.84</Imposta>
                <EsigibilitaIVA>I</EsigibilitaIVA>
            </DatiRiepilogo>
        </DatiBeniServizi>
    </FatturaElettronicaBody>
</ns3:FatturaElettronica>